;base;base;base;base;base;base;base;base;base;base;base;all3slm1;all3slm1;all3slm1;all3slm1;all3slm1;all3slm1;all3slm1;all3slm1;all3slm1;all3slm1;all3slm1;all4slm1;all4slm1;all4slm1;all4slm1;all4slm1;all4slm1;all4slm1;all4slm1;all4slm1;all4slm1;all4slm1;all3slm1n;all3slm1n;all3slm1n;all3slm1n;all3slm1n;all3slm1n;all3slm1n;all3slm1n;all3slm1n;all3slm1n;all3slm1n;all4slm1n;all4slm1n;all4slm1n;all4slm1n;all4slm1n;all4slm1n;all4slm1n;all4slm1n;all4slm1n;all4slm1n;all4slm1n
;10;30;50;75;100;150;200;300;400;500;750;10;30;50;75;100;150;200;300;400;500;750;10;30;50;75;100;150;200;300;400;500;750;10;30;50;75;100;150;200;300;400;500;750;10;30;50;75;100;150;200;300;400;500;750
Quando foi a batalha de Gettysburg?;-1;remove column;remove column;remove column;remove column;remove column;remove column;remove column;remove column;remove column;remove column;-1;-1;-1;-1;-1;-1;-1;-1;-1;-1;-1;-1;-1;-1;-1;-1;-1;-1;-1;-1;-1;-1;-1;-1;-1;-1;-1;-1;-1;-1;-1;-1;-1;-1;-1;-1;-1;-1;-1;-1;-1;-1;-1;-1
Liste todos os musicais com músicas de Elton John.;-1;remove column;remove column;remove column;remove column;remove column;remove column;remove column;remove column;remove column;remove column;-1;-1;-1;-1;-1;-1;-1;-1;-1;-1;-1;-1;-1;-1;-1;-1;-1;-1;-1;-1;-1;-1;-1;-1;-1;-1;-1;-1;-1;-1;-1;-1;-1;-1;-1;-1;-1;-1;-1;-1;-1;-1;-1;-1
Qual a altura do Farol em Colombo?;-1;remove column;remove column;remove column;remove column;remove column;remove column;remove column;remove column;remove column;remove column;-1;-1;-1;-1;-1;-1;-1;-1;-1;-1;-1;-1;-1;-1;-1;-1;-1;-1;-1;-1;-1;-1;-1;-1;-1;-1;-1;-1;-1;-1;-1;-1;-1;-1;-1;-1;-1;-1;-1;-1;-1;-1;-1;-1
Quem foi a esposa do presidente americano Lincoln?;-1;remove column;remove column;remove column;remove column;remove column;remove column;remove column;remove column;remove column;remove column;-1;-1;-1;-1;-1;-1;-1;-1;-1;-1;-1;-1;-1;-1;-1;-1;-1;-1;-1;-1;-1;-1;-1;-1;-1;-1;-1;-1;-1;-1;-1;-1;-1;-1;-1;-1;-1;-1;-1;-1;-1;-1;-1;-1
Quem é o apresentador do BBC Wildlife Specials?;-1;remove column;remove column;remove column;remove column;remove column;remove column;remove column;remove column;remove column;remove column;-1;-1;-1;-1;-1;-1;-1;-1;-1;-1;-1;-1;-1;-1;-1;-1;-1;-1;-1;-1;-1;-1;-1;-1;-1;-1;-1;-1;-1;-1;-1;-1;-1;-1;-1;-1;-1;-1;-1;-1;-1;-1;-1;-1
Quanto custou Pulp Fiction?;-1;remove column;remove column;remove column;remove column;remove column;remove column;remove column;remove column;remove column;remove column;-1;-1;-1;-1;-1;-1;-1;-1;-1;-1;-1;-1;-1;-1;-1;-1;-1;-1;-1;-1;-1;-1;-1;-1;-1;-1;-1;-1;-1;-1;-1;-1;-1;-1;-1;-1;-1;-1;-1;-1;-1;-1;-1;-1
Em que cidade fica a cervejaria Heineken?;-1;remove column;remove column;remove column;remove column;remove column;remove column;remove column;remove column;remove column;remove column;-1;-1;-1;-1;-1;-1;-1;-1;-1;-1;-1;-1;-1;-1;-1;-1;-1;-1;-1;-1;-1;-1;-1;-1;-1;-1;-1;-1;-1;-1;-1;-1;-1;-1;-1;-1;-1;-1;-1;-1;-1;-1;-1;-1
Quando começou a Operação Overlord?;-1;remove column;remove column;remove column;remove column;remove column;remove column;remove column;remove column;remove column;remove column;-1;-1;-1;-1;-1;-1;-1;-1;-1;-1;-1;-1;-1;-1;-1;-1;-1;-1;-1;-1;-1;-1;-1;-1;-1;-1;-1;-1;-1;-1;-1;-1;-1;-1;-1;-1;-1;-1;-1;-1;-1;-1;-1;-1
Em que cidade termina a Rota 68 do Chile?;-1;remove column;remove column;remove column;remove column;remove column;remove column;remove column;remove column;remove column;remove column;-1;-1;-1;-1;-1;-1;-1;-1;-1;-1;-1;-1;-1;-1;-1;-1;-1;-1;-1;-1;-1;-1;-1;-1;-1;-1;-1;-1;-1;-1;-1;-1;-1;-1;-1;-1;-1;-1;-1;-1;-1;-1;-1;-1
Quem desenvolveu o Slack?;-1;remove column;remove column;remove column;remove column;remove column;remove column;remove column;remove column;remove column;remove column;-1;-1;-1;-1;-1;-1;-1;-1;-1;-1;-1;-1;-1;-1;-1;-1;-1;-1;-1;-1;-1;-1;-1;-1;-1;-1;-1;-1;-1;-1;-1;-1;-1;-1;-1;-1;-1;-1;-1;-1;-1;-1;-1;-1
Quem foi casada com o presidente Chirac?;-1;remove column;remove column;remove column;remove column;remove column;remove column;remove column;remove column;remove column;remove column;-1;-1;-1;-1;-1;-1;-1;-1;-1;-1;-1;-1;-1;-1;-1;-1;-1;-1;-1;-1;-1;-1;-1;-1;-1;-1;-1;-1;-1;-1;-1;-1;-1;-1;-1;-1;-1;-1;-1;-1;-1;-1;-1;-1
De que morreu Bruce Carver?;-1;remove column;remove column;remove column;remove column;remove column;remove column;remove column;remove column;remove column;remove column;-1;-1;-1;-1;-1;-1;-1;-1;-1;-1;-1;-1;-1;-1;-1;-1;-1;-1;-1;-1;-1;-1;-1;-1;-1;-1;-1;-1;-1;-1;-1;-1;-1;-1;-1;-1;-1;-1;-1;-1;-1;-1;-1;-1
Quem pintou Tormenta no Mar da Galileia?;-1;remove column;remove column;remove column;remove column;remove column;remove column;remove column;remove column;remove column;remove column;-1;-1;-1;-1;-1;-1;-1;-1;-1;-1;-1;-1;-1;-1;-1;-1;-1;-1;-1;-1;-1;-1;-1;-1;-1;-1;-1;-1;-1;-1;-1;-1;-1;-1;-1;-1;-1;-1;-1;-1;-1;-1;-1;-1
Em quais cidades o rio Weser passa?;-1;remove column;remove column;remove column;remove column;remove column;remove column;remove column;remove column;remove column;remove column;-1;-1;-1;-1;-1;-1;-1;-1;-1;-1;-1;-1;-1;-1;-1;-1;-1;-1;-1;-1;-1;-1;-1;-1;-1;-1;-1;-1;-1;-1;-1;-1;-1;-1;-1;-1;-1;-1;-1;-1;-1;-1;-1;-1
Quantas cadeiras tem o estádio do Futebol Clube do Porto;-1;remove column;remove column;remove column;remove column;remove column;remove column;remove column;remove column;remove column;remove column;-1;-1;-1;-1;-1;-1;-1;-1;-1;-1;-1;-1;-1;-1;-1;-1;-1;-1;-1;-1;-1;-1;-1;-1;-1;-1;-1;-1;-1;-1;-1;-1;-1;-1;-1;-1;-1;-1;-1;-1;-1;-1;-1;-1
Com quem a filha de Robert Kennedy casou-se?;-1;remove column;remove column;remove column;remove column;remove column;remove column;remove column;remove column;remove column;remove column;-1;-1;-1;-1;-1;-1;-1;-1;-1;-1;-1;-1;-1;-1;-1;-1;-1;-1;-1;-1;-1;-1;-1;-1;-1;-1;-1;-1;-1;-1;-1;-1;-1;-1;-1;-1;-1;-1;-1;-1;-1;-1;-1;-1
Que livros de Kerouac foram publicados pela Viking Press?;-1;remove column;remove column;remove column;remove column;remove column;remove column;remove column;remove column;remove column;remove column;-1;-1;-1;-1;-1;-1;-1;-1;-1;-1;-1;-1;-1;-1;-1;-1;-1;-1;-1;-1;-1;-1;-1;-1;-1;-1;-1;-1;-1;-1;-1;-1;-1;-1;-1;-1;-1;-1;-1;-1;-1;-1;-1;-1
Qual a altura de Amazon Eve?;-1;remove column;remove column;remove column;remove column;remove column;remove column;remove column;remove column;remove column;remove column;-1;-1;-1;-1;-1;-1;-1;-1;-1;-1;-1;-1;-1;-1;-1;-1;-1;-1;-1;-1;-1;-1;-1;-1;-1;-1;-1;-1;-1;-1;-1;-1;-1;-1;-1;-1;-1;-1;-1;-1;-1;-1;-1;-1
Em que museu está exposto O Grito de Munch?;-1;remove column;remove column;remove column;remove column;remove column;remove column;remove column;remove column;remove column;remove column;-1;-1;-1;-1;-1;-1;-1;-1;-1;-1;-1;-1;-1;-1;-1;-1;-1;-1;-1;-1;-1;-1;-1;-1;-1;-1;-1;-1;-1;-1;-1;-1;-1;-1;-1;-1;-1;-1;-1;-1;-1;-1;-1;-1
Quem escreveu o livro Os Pilares da Terra?;-1;remove column;remove column;remove column;remove column;remove column;remove column;remove column;remove column;remove column;remove column;-1;-1;-1;-1;-1;-1;-1;-1;-1;-1;-1;-1;-1;-1;-1;-1;-1;-1;-1;-1;-1;-1;-1;-1;-1;-1;-1;-1;-1;-1;-1;-1;-1;-1;-1;-1;-1;-1;-1;-1;-1;-1;-1;-1
James Bond é casado?;-1;remove column;remove column;remove column;remove column;remove column;remove column;remove column;remove column;remove column;remove column;-1;-1;-1;-1;-1;-1;-1;-1;-1;-1;-1;-1;-1;-1;-1;-1;-1;-1;-1;-1;-1;-1;-1;-1;-1;-1;-1;-1;-1;-1;-1;-1;-1;-1;-1;-1;-1;-1;-1;-1;-1;-1;-1;-1
Quem descobriu Ceres?;-1;remove column;remove column;remove column;remove column;remove column;remove column;remove column;remove column;remove column;remove column;-1;-1;-1;-1;-1;-1;-1;-1;-1;-1;-1;-1;-1;-1;-1;-1;-1;-1;-1;-1;-1;-1;-1;-1;-1;-1;-1;-1;-1;-1;-1;-1;-1;-1;-1;-1;-1;-1;-1;-1;-1;-1;-1;-1
Que rio a Ponte do Brooklyn cruza?;-1;remove column;remove column;remove column;remove column;remove column;remove column;remove column;remove column;remove column;remove column;-1;-1;-1;-1;-1;-1;-1;-1;-1;-1;-1;-1;-1;-1;-1;-1;-1;-1;-1;-1;-1;-1;-1;-1;-1;-1;-1;-1;-1;-1;-1;-1;-1;-1;-1;-1;-1;-1;-1;-1;-1;-1;-1;-1
Quem foi chamado de Frank The Tank?;-1;remove column;remove column;remove column;remove column;remove column;remove column;remove column;remove column;remove column;remove column;-1;-1;-1;-1;-1;-1;-1;-1;-1;-1;-1;-1;-1;-1;-1;-1;-1;-1;-1;-1;-1;-1;-1;-1;-1;-1;-1;-1;-1;-1;-1;-1;-1;-1;-1;-1;-1;-1;-1;-1;-1;-1;-1;-1
Qual é o maior país do mundo;-1;remove column;remove column;remove column;remove column;remove column;remove column;remove column;remove column;remove column;remove column;-1;-1;-1;-1;-1;-1;-1;-1;-1;-1;-1;-1;-1;-1;-1;-1;-1;-1;-1;-1;-1;-1;-1;-1;-1;-1;-1;-1;-1;-1;-1;-1;-1;-1;-1;-1;-1;-1;-1;-1;-1;-1;-1;-1
Quem é o prefeito de Paris?;-1;remove column;remove column;remove column;remove column;remove column;remove column;remove column;remove column;remove column;remove column;-1;-1;-1;-1;-1;-1;-1;-1;-1;-1;-1;-1;-1;-1;-1;-1;-1;-1;-1;-1;-1;-1;-1;-1;-1;-1;-1;-1;-1;-1;-1;-1;-1;-1;-1;-1;-1;-1;-1;-1;-1;-1;-1;-1
Quem é o treinador da equipe de hockey no gelo de Ankara?;-1;remove column;remove column;remove column;remove column;remove column;remove column;remove column;remove column;remove column;remove column;-1;-1;-1;-1;-1;-1;-1;-1;-1;-1;-1;-1;-1;-1;-1;-1;-1;-1;-1;-1;-1;-1;-1;-1;-1;-1;-1;-1;-1;-1;-1;-1;-1;-1;-1;-1;-1;-1;-1;-1;-1;-1;-1;-1
Quem é o prefeito da capital da Polinésia Francessa?;-1;remove column;remove column;remove column;remove column;remove column;remove column;remove column;remove column;remove column;remove column;-1;-1;-1;-1;-1;-1;-1;-1;-1;-1;-1;-1;-1;-1;-1;-1;-1;-1;-1;-1;-1;-1;-1;-1;-1;-1;-1;-1;-1;-1;-1;-1;-1;-1;-1;-1;-1;-1;-1;-1;-1;-1;-1;-1
Que prêmios Douglas Hofstadter ganhou?;-1;remove column;remove column;remove column;remove column;remove column;remove column;remove column;remove column;remove column;remove column;-1;-1;-1;-1;-1;-1;-1;-1;-1;-1;-1;-1;-1;-1;-1;-1;-1;-1;-1;-1;-1;-1;-1;-1;-1;-1;-1;-1;-1;-1;-1;-1;-1;-1;-1;-1;-1;-1;-1;-1;-1;-1;-1;-1
Quanto custou The Lego Movie?;-1;remove column;remove column;remove column;remove column;remove column;remove column;remove column;remove column;remove column;remove column;-1;-1;-1;-1;-1;-1;-1;-1;-1;-1;-1;-1;-1;-1;-1;-1;-1;-1;-1;-1;-1;-1;-1;-1;-1;-1;-1;-1;-1;-1;-1;-1;-1;-1;-1;-1;-1;-1;-1;-1;-1;-1;-1;-1
Onde começa a Piccadilly?;-1;remove column;remove column;remove column;remove column;remove column;remove column;remove column;remove column;remove column;remove column;-1;-1;-1;-1;-1;-1;-1;-1;-1;-1;-1;-1;-1;-1;-1;-1;-1;-1;-1;-1;-1;-1;-1;-1;-1;-1;-1;-1;-1;-1;-1;-1;-1;-1;-1;-1;-1;-1;-1;-1;-1;-1;-1;-1
O Príncipe Harry e o Príncipe William têm os mesmos pais?;-1;remove column;remove column;remove column;remove column;remove column;remove column;remove column;remove column;remove column;remove column;-1;-1;-1;-1;-1;-1;-1;-1;-1;-1;-1;-1;-1;-1;-1;-1;-1;-1;-1;-1;-1;-1;-1;-1;-1;-1;-1;-1;-1;-1;-1;-1;-1;-1;-1;-1;-1;-1;-1;-1;-1;-1;-1;-1
Quem interpretou o Agente Smith em Matrix?;-1;remove column;remove column;remove column;remove column;remove column;remove column;remove column;remove column;remove column;remove column;-1;-1;-1;-1;-1;-1;-1;-1;-1;-1;-1;-1;-1;-1;-1;-1;-1;-1;-1;-1;-1;-1;-1;-1;-1;-1;-1;-1;-1;-1;-1;-1;-1;-1;-1;-1;-1;-1;-1;-1;-1;-1;-1;-1
Quantos idiomas são falados no Turquemenistão?;-1;remove column;remove column;remove column;remove column;remove column;remove column;remove column;remove column;remove column;remove column;-1;-1;-1;-1;-1;-1;-1;-1;-1;-1;-1;-1;-1;-1;-1;-1;-1;-1;-1;-1;-1;-1;-1;-1;-1;-1;-1;-1;-1;-1;-1;-1;-1;-1;-1;-1;-1;-1;-1;-1;-1;-1;-1;-1
Em que filmes Julia Roberts e Richard Gere atuaram?;-1;remove column;remove column;remove column;remove column;remove column;remove column;remove column;remove column;remove column;remove column;-1;-1;-1;-1;-1;-1;-1;-1;-1;-1;-1;-1;-1;-1;-1;-1;-1;-1;-1;-1;-1;-1;-1;-1;-1;-1;-1;-1;-1;-1;-1;-1;-1;-1;-1;-1;-1;-1;-1;-1;-1;-1;-1;-1
Em que país nasce o Ganges?;-1;remove column;remove column;remove column;remove column;remove column;remove column;remove column;remove column;remove column;remove column;-1;-1;-1;-1;-1;-1;-1;-1;-1;-1;-1;-1;-1;-1;-1;-1;-1;-1;-1;-1;-1;-1;-1;-1;-1;-1;-1;-1;-1;-1;-1;-1;-1;-1;-1;-1;-1;-1;-1;-1;-1;-1;-1;-1
Em que ano nasceu Rachel Stevens?;-1;remove column;remove column;remove column;remove column;remove column;remove column;remove column;remove column;remove column;remove column;-1;-1;-1;-1;-1;-1;-1;-1;-1;-1;-1;-1;-1;-1;-1;-1;-1;-1;-1;-1;-1;-1;-1;-1;-1;-1;-1;-1;-1;-1;-1;-1;-1;-1;-1;-1;-1;-1;-1;-1;-1;-1;-1;-1
Barack Obama é um Democrata?;-1;remove column;remove column;remove column;remove column;remove column;remove column;remove column;remove column;remove column;remove column;-1;-1;-1;-1;-1;-1;-1;-1;-1;-1;-1;-1;-1;-1;-1;-1;-1;-1;-1;-1;-1;-1;-1;-1;-1;-1;-1;-1;-1;-1;-1;-1;-1;-1;-1;-1;-1;-1;-1;-1;-1;-1;-1;-1
Onde nasceu Bach?;-1;remove column;remove column;remove column;remove column;remove column;remove column;remove column;remove column;remove column;remove column;-1;-1;-1;-1;-1;-1;-1;-1;-1;-1;-1;-1;-1;-1;-1;-1;-1;-1;-1;-1;-1;-1;-1;-1;-1;-1;-1;-1;-1;-1;-1;-1;-1;-1;-1;-1;-1;-1;-1;-1;-1;-1;-1;-1
Quantas vezes Jane Fonda se casou?;-1;remove column;remove column;remove column;remove column;remove column;remove column;remove column;remove column;remove column;remove column;-1;-1;-1;-1;-1;-1;-1;-1;-1;-1;-1;-1;-1;-1;-1;-1;-1;-1;-1;-1;-1;-1;-1;-1;-1;-1;-1;-1;-1;-1;-1;-1;-1;-1;-1;-1;-1;-1;-1;-1;-1;-1;-1;-1
Quem foi o primeiro a escalar o Monte Everest?;-1;remove column;remove column;remove column;remove column;remove column;remove column;remove column;remove column;remove column;remove column;-1;-1;-1;-1;-1;-1;-1;-1;-1;-1;-1;-1;-1;-1;-1;-1;-1;-1;-1;-1;-1;-1;-1;-1;-1;-1;-1;-1;-1;-1;-1;-1;-1;-1;-1;-1;-1;-1;-1;-1;-1;-1;-1;-1
Quantas pessoas vivem na Polônia;-1;remove column;remove column;remove column;remove column;remove column;remove column;remove column;remove column;remove column;remove column;-1;-1;-1;-1;-1;-1;-1;-1;-1;-1;-1;-1;-1;-1;-1;-1;-1;-1;-1;-1;-1;-1;-1;-1;-1;-1;-1;-1;-1;-1;-1;-1;-1;-1;-1;-1;-1;-1;-1;-1;-1;-1;-1;-1
Onde fica o Palácio de Westminster?;-1;remove column;remove column;remove column;remove column;remove column;remove column;remove column;remove column;remove column;remove column;-1;-1;-1;-1;-1;-1;-1;-1;-1;-1;-1;-1;-1;-1;-1;-1;-1;-1;-1;-1;-1;-1;-1;-1;-1;-1;-1;-1;-1;-1;-1;-1;-1;-1;-1;-1;-1;-1;-1;-1;-1;-1;-1;-1
Christian Bale atua em Batman Begins?;-1;remove column;remove column;remove column;remove column;remove column;remove column;remove column;remove column;remove column;remove column;-1;-1;-1;-1;-1;-1;-1;-1;-1;-1;-1;-1;-1;-1;-1;-1;-1;-1;-1;-1;-1;-1;-1;-1;-1;-1;-1;-1;-1;-1;-1;-1;-1;-1;-1;-1;-1;-1;-1;-1;-1;-1;-1;-1
Em que país fica o Lago Limerick?;-1;remove column;remove column;remove column;remove column;remove column;remove column;remove column;remove column;remove column;remove column;-1;-1;-1;-1;-1;-1;-1;-1;-1;-1;-1;-1;-1;-1;-1;-1;-1;-1;-1;-1;-1;-1;-1;-1;-1;-1;-1;-1;-1;-1;-1;-1;-1;-1;-1;-1;-1;-1;-1;-1;-1;-1;-1;-1
Qual foi o último filme de Alec Guinness?;-1;remove column;remove column;remove column;remove column;remove column;remove column;remove column;remove column;remove column;remove column;-1;-1;-1;-1;-1;-1;-1;-1;-1;-1;-1;-1;-1;-1;-1;-1;-1;-1;-1;-1;-1;-1;-1;-1;-1;-1;-1;-1;-1;-1;-1;-1;-1;-1;-1;-1;-1;-1;-1;-1;-1;-1;-1;-1
Qual a montanha mais alta da Austrália?;-1;remove column;remove column;remove column;remove column;remove column;remove column;remove column;remove column;remove column;remove column;-1;-1;-1;-1;-1;-1;-1;-1;-1;-1;-1;-1;-1;-1;-1;-1;-1;-1;-1;-1;-1;-1;-1;-1;-1;-1;-1;-1;-1;-1;-1;-1;-1;-1;-1;-1;-1;-1;-1;-1;-1;-1;-1;-1
Frank Herbert ainda vive?;-1;remove column;remove column;remove column;remove column;remove column;remove column;remove column;remove column;remove column;remove column;-1;-1;-1;-1;-1;-1;-1;-1;-1;-1;-1;-1;-1;-1;-1;-1;-1;-1;-1;-1;-1;-1;-1;-1;-1;-1;-1;-1;-1;-1;-1;-1;-1;-1;-1;-1;-1;-1;-1;-1;-1;-1;-1;-1
Quem criou Family Guy?;-1;remove column;remove column;remove column;remove column;remove column;remove column;remove column;remove column;remove column;remove column;-1;-1;-1;-1;-1;-1;-1;-1;-1;-1;-1;-1;-1;-1;-1;-1;-1;-1;-1;-1;-1;-1;-1;-1;-1;-1;-1;-1;-1;-1;-1;-1;-1;-1;-1;-1;-1;-1;-1;-1;-1;-1;-1;-1
Qual a língua oficial do Suriname?;-1;remove column;remove column;remove column;remove column;remove column;remove column;remove column;remove column;remove column;remove column;-1;-1;-1;-1;-1;-1;-1;-1;-1;-1;-1;-1;-1;-1;-1;-1;-1;-1;-1;-1;-1;-1;-1;-1;-1;-1;-1;-1;-1;-1;-1;-1;-1;-1;-1;-1;-1;-1;-1;-1;-1;-1;-1;-1
Quem escreveu a canção Hotel California?;-1;remove column;remove column;remove column;remove column;remove column;remove column;remove column;remove column;remove column;remove column;-1;-1;-1;-1;-1;-1;-1;-1;-1;-1;-1;-1;-1;-1;-1;-1;-1;-1;-1;-1;-1;-1;-1;-1;-1;-1;-1;-1;-1;-1;-1;-1;-1;-1;-1;-1;-1;-1;-1;-1;-1;-1;-1;-1
Liste todos os atores que estrelaram em filmes dirigidos por William Shatner.;-1;remove column;remove column;remove column;remove column;remove column;remove column;remove column;remove column;remove column;remove column;-1;-1;-1;-1;-1;-1;-1;-1;-1;-1;-1;-1;-1;-1;-1;-1;-1;-1;-1;-1;-1;-1;-1;-1;-1;-1;-1;-1;-1;-1;-1;-1;-1;-1;-1;-1;-1;-1;-1;-1;-1;-1;-1;-1
Quais são os ingredientes do biscoito de chocolate?;-1;remove column;remove column;remove column;remove column;remove column;remove column;remove column;remove column;remove column;remove column;-1;-1;-1;-1;-1;-1;-1;-1;-1;-1;-1;-1;-1;-1;-1;-1;-1;-1;-1;-1;-1;-1;-1;-1;-1;-1;-1;-1;-1;-1;-1;-1;-1;-1;-1;-1;-1;-1;-1;-1;-1;-1;-1;-1
Liste todos os skatistas profissionais da Suécia.;-1;remove column;remove column;remove column;remove column;remove column;remove column;remove column;remove column;remove column;remove column;-1;-1;-1;-1;-1;-1;-1;-1;-1;-1;-1;-1;-1;-1;-1;-1;-1;-1;-1;-1;-1;-1;-1;-1;-1;-1;-1;-1;-1;-1;-1;-1;-1;-1;-1;-1;-1;-1;-1;-1;-1;-1;-1;-1
Que ingredientes eu preciso para um bolo de cenoura?;-1;remove column;remove column;remove column;remove column;remove column;remove column;remove column;remove column;remove column;remove column;-1;-1;-1;-1;-1;-1;-1;-1;-1;-1;-1;-1;-1;-1;-1;-1;-1;-1;-1;-1;-1;-1;-1;-1;-1;-1;-1;-1;-1;-1;-1;-1;-1;-1;-1;-1;-1;-1;-1;-1;-1;-1;-1;-1
O Neymar joga no Real Madrid?;-1;remove column;remove column;remove column;remove column;remove column;remove column;remove column;remove column;remove column;remove column;-1;-1;-1;-1;-1;-1;-1;-1;-1;-1;-1;-1;-1;-1;-1;-1;-1;-1;-1;-1;-1;-1;-1;-1;-1;-1;-1;-1;-1;-1;-1;-1;-1;-1;-1;-1;-1;-1;-1;-1;-1;-1;-1;-1
Que cientista da computação ganhou um Oscar?;-1;remove column;remove column;remove column;remove column;remove column;remove column;remove column;remove column;remove column;remove column;-1;-1;-1;-1;-1;-1;-1;-1;-1;-1;-1;-1;-1;-1;-1;-1;-1;-1;-1;-1;-1;-1;-1;-1;-1;-1;-1;-1;-1;-1;-1;-1;-1;-1;-1;-1;-1;-1;-1;-1;-1;-1;-1;-1
Quantas empresas foram fundadas no mesmo ano que o Google?;-1;remove column;remove column;remove column;remove column;remove column;remove column;remove column;remove column;remove column;remove column;-1;-1;-1;-1;-1;-1;-1;-1;-1;-1;-1;-1;-1;-1;-1;-1;-1;-1;-1;-1;-1;-1;-1;-1;-1;-1;-1;-1;-1;-1;-1;-1;-1;-1;-1;-1;-1;-1;-1;-1;-1;-1;-1;-1
Em que cidade da Inglaterra está a sede do MI6?;-1;remove column;remove column;remove column;remove column;remove column;remove column;remove column;remove column;remove column;remove column;-1;-1;-1;-1;-1;-1;-1;-1;-1;-1;-1;-1;-1;-1;-1;-1;-1;-1;-1;-1;-1;-1;-1;-1;-1;-1;-1;-1;-1;-1;-1;-1;-1;-1;-1;-1;-1;-1;-1;-1;-1;-1;-1;-1
A Crise dos Mísseis de Cuba ocorreu antes da Invasão da Baía dos Porcos?;-1;remove column;remove column;remove column;remove column;remove column;remove column;remove column;remove column;remove column;remove column;-1;-1;-1;-1;-1;-1;-1;-1;-1;-1;-1;-1;-1;-1;-1;-1;-1;-1;-1;-1;-1;-1;-1;-1;-1;-1;-1;-1;-1;-1;-1;-1;-1;-1;-1;-1;-1;-1;-1;-1;-1;-1;-1;-1
Qual o significado de IYCM?;-1;remove column;remove column;remove column;remove column;remove column;remove column;remove column;remove column;remove column;remove column;-1;-1;-1;-1;-1;-1;-1;-1;-1;-1;-1;-1;-1;-1;-1;-1;-1;-1;-1;-1;-1;-1;-1;-1;-1;-1;-1;-1;-1;-1;-1;-1;-1;-1;-1;-1;-1;-1;-1;-1;-1;-1;-1;-1
Quando a Dinastia Ming acabou?;-1;remove column;remove column;remove column;remove column;remove column;remove column;remove column;remove column;remove column;remove column;-1;-1;-1;-1;-1;-1;-1;-1;-1;-1;-1;-1;-1;-1;-1;-1;-1;-1;-1;-1;-1;-1;-1;-1;-1;-1;-1;-1;-1;-1;-1;-1;-1;-1;-1;-1;-1;-1;-1;-1;-1;-1;-1;-1
Liste todos os episódios da primeira temporada do seriado Família Soprano da HBO.;-1;remove column;remove column;remove column;remove column;remove column;remove column;remove column;remove column;remove column;remove column;-1;-1;-1;-1;-1;-1;-1;-1;-1;-1;-1;-1;-1;-1;-1;-1;-1;-1;-1;-1;-1;-1;-1;-1;-1;-1;-1;-1;-1;-1;-1;-1;-1;-1;-1;-1;-1;-1;-1;-1;-1;-1;-1;-1
Qual é a população total de Melbourne, Florida?;-1;remove column;remove column;remove column;remove column;remove column;remove column;remove column;remove column;remove column;remove column;-1;-1;-1;-1;-1;-1;-1;-1;-1;-1;-1;-1;-1;-1;-1;-1;-1;-1;-1;-1;-1;-1;-1;-1;-1;-1;-1;-1;-1;-1;-1;-1;-1;-1;-1;-1;-1;-1;-1;-1;-1;-1;-1;-1
Arnold Schwarzenegger frequentou uma universidade?;-1;remove column;remove column;remove column;remove column;remove column;remove column;remove column;remove column;remove column;remove column;-1;-1;-1;-1;-1;-1;-1;-1;-1;-1;-1;-1;-1;-1;-1;-1;-1;-1;-1;-1;-1;-1;-1;-1;-1;-1;-1;-1;-1;-1;-1;-1;-1;-1;-1;-1;-1;-1;-1;-1;-1;-1;-1;-1
Em que país está o Monte Everest?;-1;remove column;remove column;remove column;remove column;remove column;remove column;remove column;remove column;remove column;remove column;-1;-1;-1;-1;-1;-1;-1;-1;-1;-1;-1;-1;-1;-1;-1;-1;-1;-1;-1;-1;-1;-1;-1;-1;-1;-1;-1;-1;-1;-1;-1;-1;-1;-1;-1;-1;-1;-1;-1;-1;-1;-1;-1;-1
Qual é a maior cidade da Austrália?;-1;remove column;remove column;remove column;remove column;remove column;remove column;remove column;remove column;remove column;remove column;-1;-1;-1;-1;-1;-1;-1;-1;-1;-1;-1;-1;-1;-1;-1;-1;-1;-1;-1;-1;-1;-1;-1;-1;-1;-1;-1;-1;-1;-1;-1;-1;-1;-1;-1;-1;-1;-1;-1;-1;-1;-1;-1;-1
Ache todas as plataformas de lançamento espaciais operadas pela NASA.;-1;remove column;remove column;remove column;remove column;remove column;remove column;remove column;remove column;remove column;remove column;-1;-1;-1;-1;-1;-1;-1;-1;-1;-1;-1;-1;-1;-1;-1;-1;-1;-1;-1;-1;-1;-1;-1;-1;-1;-1;-1;-1;-1;-1;-1;-1;-1;-1;-1;-1;-1;-1;-1;-1;-1;-1;-1;-1
Quem é o prefeito de Tel Aviv?;-1;remove column;remove column;remove column;remove column;remove column;remove column;remove column;remove column;remove column;remove column;-1;-1;-1;-1;-1;-1;-1;-1;-1;-1;-1;-1;-1;-1;-1;-1;-1;-1;-1;-1;-1;-1;-1;-1;-1;-1;-1;-1;-1;-1;-1;-1;-1;-1;-1;-1;-1;-1;-1;-1;-1;-1;-1;-1
Liste todos os episódios da primeira temporada do seriado Família Soprano da HBO.;-1;remove column;remove column;remove column;remove column;remove column;remove column;remove column;remove column;remove column;remove column;-1;-1;-1;-1;-1;-1;-1;-1;-1;-1;-1;-1;-1;-1;-1;-1;-1;-1;-1;-1;-1;-1;-1;-1;-1;-1;-1;-1;-1;-1;-1;-1;-1;-1;-1;-1;-1;-1;-1;-1;-1;-1;-1;-1
Quem criou Batman?;-1;remove column;remove column;remove column;remove column;remove column;remove column;remove column;remove column;remove column;remove column;-1;-1;-1;-1;-1;-1;-1;-1;-1;-1;-1;-1;-1;-1;-1;-1;-1;-1;-1;-1;-1;-1;-1;-1;-1;-1;-1;-1;-1;-1;-1;-1;-1;-1;-1;-1;-1;-1;-1;-1;-1;-1;-1;-1
Quem interpretou Gus Fring em Breaking Bad?;-1;remove column;remove column;remove column;remove column;remove column;remove column;remove column;remove column;remove column;remove column;-1;-1;-1;-1;-1;-1;-1;-1;-1;-1;-1;-1;-1;-1;-1;-1;-1;-1;-1;-1;-1;-1;-1;-1;-1;-1;-1;-1;-1;-1;-1;-1;-1;-1;-1;-1;-1;-1;-1;-1;-1;-1;-1;-1
Em que linguagem de programação foi escrito o GIMP?;-1;remove column;remove column;remove column;remove column;remove column;remove column;remove column;remove column;remove column;remove column;-1;-1;-1;-1;-1;-1;-1;-1;-1;-1;-1;-1;-1;-1;-1;-1;-1;-1;-1;-1;-1;-1;-1;-1;-1;-1;-1;-1;-1;-1;-1;-1;-1;-1;-1;-1;-1;-1;-1;-1;-1;-1;-1;-1
Em que império antigo você poderia pagar com grãos de cacau?;-1;remove column;remove column;remove column;remove column;remove column;remove column;remove column;remove column;remove column;remove column;-1;-1;-1;-1;-1;-1;-1;-1;-1;-1;-1;-1;-1;-1;-1;-1;-1;-1;-1;-1;-1;-1;-1;-1;-1;-1;-1;-1;-1;-1;-1;-1;-1;-1;-1;-1;-1;-1;-1;-1;-1;-1;-1;-1
Quem é o editor da Forbes?;-1;remove column;remove column;remove column;remove column;remove column;remove column;remove column;remove column;remove column;remove column;-1;-1;-1;-1;-1;-1;-1;-1;-1;-1;-1;-1;-1;-1;-1;-1;-1;-1;-1;-1;-1;-1;-1;-1;-1;-1;-1;-1;-1;-1;-1;-1;-1;-1;-1;-1;-1;-1;-1;-1;-1;-1;-1;-1
Quantos habitantes tem a capital da Austrália?;-1;remove column;remove column;remove column;remove column;remove column;remove column;remove column;remove column;remove column;remove column;-1;-1;-1;-1;-1;-1;-1;-1;-1;-1;-1;-1;-1;-1;-1;-1;-1;-1;-1;-1;-1;-1;-1;-1;-1;-1;-1;-1;-1;-1;-1;-1;-1;-1;-1;-1;-1;-1;-1;-1;-1;-1;-1;-1
Quais surfistas profissionais nasceram na Austrália?;-1;remove column;remove column;remove column;remove column;remove column;remove column;remove column;remove column;remove column;remove column;-1;-1;-1;-1;-1;-1;-1;-1;-1;-1;-1;-1;-1;-1;-1;-1;-1;-1;-1;-1;-1;-1;-1;-1;-1;-1;-1;-1;-1;-1;-1;-1;-1;-1;-1;-1;-1;-1;-1;-1;-1;-1;-1;-1
Que companhias de eletrônica foram fundadas em Beijing?;-1;remove column;remove column;remove column;remove column;remove column;remove column;remove column;remove column;remove column;remove column;-1;-1;-1;-1;-1;-1;-1;-1;-1;-1;-1;-1;-1;-1;-1;-1;-1;-1;-1;-1;-1;-1;-1;-1;-1;-1;-1;-1;-1;-1;-1;-1;-1;-1;-1;-1;-1;-1;-1;-1;-1;-1;-1;-1
Mostre todos os jogos da Mean Hamster Software.;-1;remove column;remove column;remove column;remove column;remove column;remove column;remove column;remove column;remove column;remove column;-1;-1;-1;-1;-1;-1;-1;-1;-1;-1;-1;-1;-1;-1;-1;-1;-1;-1;-1;-1;-1;-1;-1;-1;-1;-1;-1;-1;-1;-1;-1;-1;-1;-1;-1;-1;-1;-1;-1;-1;-1;-1;-1;-1
Quantas lojas Aldi existem?;-1;remove column;remove column;remove column;remove column;remove column;remove column;remove column;remove column;remove column;remove column;-1;-1;-1;-1;-1;-1;-1;-1;-1;-1;-1;-1;-1;-1;-1;-1;-1;-1;-1;-1;-1;-1;-1;-1;-1;-1;-1;-1;-1;-1;-1;-1;-1;-1;-1;-1;-1;-1;-1;-1;-1;-1;-1;-1
Qual a capital de Camarões?;-1;remove column;remove column;remove column;remove column;remove column;remove column;remove column;remove column;remove column;remove column;-1;-1;-1;-1;-1;-1;-1;-1;-1;-1;-1;-1;-1;-1;-1;-1;-1;-1;-1;-1;-1;-1;-1;-1;-1;-1;-1;-1;-1;-1;-1;-1;-1;-1;-1;-1;-1;-1;-1;-1;-1;-1;-1;-1
Há algum jogo eletrônico chamado Battle Chess?;-1;remove column;remove column;remove column;remove column;remove column;remove column;remove column;remove column;remove column;remove column;-1;-1;-1;-1;-1;-1;-1;-1;-1;-1;-1;-1;-1;-1;-1;-1;-1;-1;-1;-1;-1;-1;-1;-1;-1;-1;-1;-1;-1;-1;-1;-1;-1;-1;-1;-1;-1;-1;-1;-1;-1;-1;-1;-1
A esposa do Presidente Lincoln chamava-se Mary?;-1;remove column;remove column;remove column;remove column;remove column;remove column;remove column;remove column;remove column;remove column;-1;-1;-1;-1;-1;-1;-1;-1;-1;-1;-1;-1;-1;-1;-1;-1;-1;-1;-1;-1;-1;-1;-1;-1;-1;-1;-1;-1;-1;-1;-1;-1;-1;-1;-1;-1;-1;-1;-1;-1;-1;-1;-1;-1
Encontre todos os filmes dirigidos por Francis Ford Coppola.;-1;remove column;remove column;remove column;remove column;remove column;remove column;remove column;remove column;remove column;remove column;-1;-1;-1;-1;-1;-1;-1;-1;-1;-1;-1;-1;-1;-1;-1;-1;-1;-1;-1;-1;-1;-1;-1;-1;-1;-1;-1;-1;-1;-1;-1;-1;-1;-1;-1;-1;-1;-1;-1;-1;-1;-1;-1;-1
Qual filme de Tim Burton teve o maior orçamento?;-1;remove column;remove column;remove column;remove column;remove column;remove column;remove column;remove column;remove column;remove column;-1;-1;-1;-1;-1;-1;-1;-1;-1;-1;-1;-1;-1;-1;-1;-1;-1;-1;-1;-1;-1;-1;-1;-1;-1;-1;-1;-1;-1;-1;-1;-1;-1;-1;-1;-1;-1;-1;-1;-1;-1;-1;-1;-1
Breaking Bad tem mais episódios do que Game of Thrones?;-1;remove column;remove column;remove column;remove column;remove column;remove column;remove column;remove column;remove column;remove column;-1;-1;-1;-1;-1;-1;-1;-1;-1;-1;-1;-1;-1;-1;-1;-1;-1;-1;-1;-1;-1;-1;-1;-1;-1;-1;-1;-1;-1;-1;-1;-1;-1;-1;-1;-1;-1;-1;-1;-1;-1;-1;-1;-1
Quem era chamado de Rodzilla?;-1;remove column;remove column;remove column;remove column;remove column;remove column;remove column;remove column;remove column;remove column;-1;-1;-1;-1;-1;-1;-1;-1;-1;-1;-1;-1;-1;-1;-1;-1;-1;-1;-1;-1;-1;-1;-1;-1;-1;-1;-1;-1;-1;-1;-1;-1;-1;-1;-1;-1;-1;-1;-1;-1;-1;-1;-1;-1
Natalie Portman nasceu nos Estados Unidos?;-1;remove column;remove column;remove column;remove column;remove column;remove column;remove column;remove column;remove column;remove column;-1;-1;-1;-1;-1;-1;-1;-1;-1;-1;-1;-1;-1;-1;-1;-1;-1;-1;-1;-1;-1;-1;-1;-1;-1;-1;-1;-1;-1;-1;-1;-1;-1;-1;-1;-1;-1;-1;-1;-1;-1;-1;-1;-1
Mostre os netos de Elvis Presley.;-1;remove column;remove column;remove column;remove column;remove column;remove column;remove column;remove column;remove column;remove column;-1;-1;-1;-1;-1;-1;-1;-1;-1;-1;-1;-1;-1;-1;-1;-1;-1;-1;-1;-1;-1;-1;-1;-1;-1;-1;-1;-1;-1;-1;-1;-1;-1;-1;-1;-1;-1;-1;-1;-1;-1;-1;-1;-1
Quais filmes protagonizados por Mickey Rourke foram dirigidos por Guy Ritchie?;-1;remove column;remove column;remove column;remove column;remove column;remove column;remove column;remove column;remove column;remove column;-1;-1;-1;-1;-1;-1;-1;-1;-1;-1;-1;-1;-1;-1;-1;-1;-1;-1;-1;-1;-1;-1;-1;-1;-1;-1;-1;-1;-1;-1;-1;-1;-1;-1;-1;-1;-1;-1;-1;-1;-1;-1;-1;-1
Quando morreu o criador de Drácula?;-1;remove column;remove column;remove column;remove column;remove column;remove column;remove column;remove column;remove column;remove column;-1;-1;-1;-1;-1;-1;-1;-1;-1;-1;-1;-1;-1;-1;-1;-1;-1;-1;-1;-1;-1;-1;-1;-1;-1;-1;-1;-1;-1;-1;-1;-1;-1;-1;-1;-1;-1;-1;-1;-1;-1;-1;-1;-1
De que país vem o criador de Miffy?;-1;remove column;remove column;remove column;remove column;remove column;remove column;remove column;remove column;remove column;remove column;-1;-1;-1;-1;-1;-1;-1;-1;-1;-1;-1;-1;-1;-1;-1;-1;-1;-1;-1;-1;-1;-1;-1;-1;-1;-1;-1;-1;-1;-1;-1;-1;-1;-1;-1;-1;-1;-1;-1;-1;-1;-1;-1;-1
Qual é o nome verdadeiro do Batman?;-1;remove column;remove column;remove column;remove column;remove column;remove column;remove column;remove column;remove column;remove column;-1;-1;-1;-1;-1;-1;-1;-1;-1;-1;-1;-1;-1;-1;-1;-1;-1;-1;-1;-1;-1;-1;-1;-1;-1;-1;-1;-1;-1;-1;-1;-1;-1;-1;-1;-1;-1;-1;-1;-1;-1;-1;-1;-1
Que forma de governo a Rússia possui?;-1;remove column;remove column;remove column;remove column;remove column;remove column;remove column;remove column;remove column;remove column;-1;-1;-1;-1;-1;-1;-1;-1;-1;-1;-1;-1;-1;-1;-1;-1;-1;-1;-1;-1;-1;-1;-1;-1;-1;-1;-1;-1;-1;-1;-1;-1;-1;-1;-1;-1;-1;-1;-1;-1;-1;-1;-1;-1
Quantas companhias foram fundadas pelo fundador do Facebook?;-1;remove column;remove column;remove column;remove column;remove column;remove column;remove column;remove column;remove column;remove column;-1;-1;-1;-1;-1;-1;-1;-1;-1;-1;-1;-1;-1;-1;-1;-1;-1;-1;-1;-1;-1;-1;-1;-1;-1;-1;-1;-1;-1;-1;-1;-1;-1;-1;-1;-1;-1;-1;-1;-1;-1;-1;-1;-1
Liste todas as gravadoras canadenses de música Grunge.;-1;remove column;remove column;remove column;remove column;remove column;remove column;remove column;remove column;remove column;remove column;-1;-1;-1;-1;-1;-1;-1;-1;-1;-1;-1;-1;-1;-1;-1;-1;-1;-1;-1;-1;-1;-1;-1;-1;-1;-1;-1;-1;-1;-1;-1;-1;-1;-1;-1;-1;-1;-1;-1;-1;-1;-1;-1;-1
Quantos filhos Benjamim Franklin teve?;-1;remove column;remove column;remove column;remove column;remove column;remove column;remove column;remove column;remove column;remove column;-1;-1;-1;-1;-1;-1;-1;-1;-1;-1;-1;-1;-1;-1;-1;-1;-1;-1;-1;-1;-1;-1;-1;-1;-1;-1;-1;-1;-1;-1;-1;-1;-1;-1;-1;-1;-1;-1;-1;-1;-1;-1;-1;-1
Liste os filhos de Margaret Thatcher.;-1;remove column;remove column;remove column;remove column;remove column;remove column;remove column;remove column;remove column;remove column;-1;-1;-1;-1;-1;-1;-1;-1;-1;-1;-1;-1;-1;-1;-1;-1;-1;-1;-1;-1;-1;-1;-1;-1;-1;-1;-1;-1;-1;-1;-1;-1;-1;-1;-1;-1;-1;-1;-1;-1;-1;-1;-1;-1
De que região é o Melon de Bourgogne?;-1;remove column;remove column;remove column;remove column;remove column;remove column;remove column;remove column;remove column;remove column;-1;-1;-1;-1;-1;-1;-1;-1;-1;-1;-1;-1;-1;-1;-1;-1;-1;-1;-1;-1;-1;-1;-1;-1;-1;-1;-1;-1;-1;-1;-1;-1;-1;-1;-1;-1;-1;-1;-1;-1;-1;-1;-1;-1
Qual é o filho mais velho de Meryl Streep?;-1;remove column;remove column;remove column;remove column;remove column;remove column;remove column;remove column;remove column;remove column;-1;-1;-1;-1;-1;-1;-1;-1;-1;-1;-1;-1;-1;-1;-1;-1;-1;-1;-1;-1;-1;-1;-1;-1;-1;-1;-1;-1;-1;-1;-1;-1;-1;-1;-1;-1;-1;-1;-1;-1;-1;-1;-1;-1
As rãs arborícolas são um tipo de anfíbio?;-1;remove column;remove column;remove column;remove column;remove column;remove column;remove column;remove column;remove column;remove column;-1;-1;-1;-1;-1;-1;-1;-1;-1;-1;-1;-1;-1;-1;-1;-1;-1;-1;-1;-1;-1;-1;-1;-1;-1;-1;-1;-1;-1;-1;-1;-1;-1;-1;-1;-1;-1;-1;-1;-1;-1;-1;-1;-1
Christian Bale atua em Velvet Goldmine?;-1;remove column;remove column;remove column;remove column;remove column;remove column;remove column;remove column;remove column;remove column;-1;-1;-1;-1;-1;-1;-1;-1;-1;-1;-1;-1;-1;-1;-1;-1;-1;-1;-1;-1;-1;-1;-1;-1;-1;-1;-1;-1;-1;-1;-1;-1;-1;-1;-1;-1;-1;-1;-1;-1;-1;-1;-1;-1
Liste todos os jogos da GMT.;-1;remove column;remove column;remove column;remove column;remove column;remove column;remove column;remove column;remove column;remove column;-1;-1;-1;-1;-1;-1;-1;-1;-1;-1;-1;-1;-1;-1;-1;-1;-1;-1;-1;-1;-1;-1;-1;-1;-1;-1;-1;-1;-1;-1;-1;-1;-1;-1;-1;-1;-1;-1;-1;-1;-1;-1;-1;-1
O Isar desemboca em um lago?;-1;remove column;remove column;remove column;remove column;remove column;remove column;remove column;remove column;remove column;remove column;-1;-1;-1;-1;-1;-1;-1;-1;-1;-1;-1;-1;-1;-1;-1;-1;-1;-1;-1;-1;-1;-1;-1;-1;-1;-1;-1;-1;-1;-1;-1;-1;-1;-1;-1;-1;-1;-1;-1;-1;-1;-1;-1;-1
Que aeroportos a Yeti Airlines serve?;-1;remove column;remove column;remove column;remove column;remove column;remove column;remove column;remove column;remove column;remove column;-1;-1;-1;-1;-1;-1;-1;-1;-1;-1;-1;-1;-1;-1;-1;-1;-1;-1;-1;-1;-1;-1;-1;-1;-1;-1;-1;-1;-1;-1;-1;-1;-1;-1;-1;-1;-1;-1;-1;-1;-1;-1;-1;-1
Que empresa indiana tem o maior número de empregados?;-1;remove column;remove column;remove column;remove column;remove column;remove column;remove column;remove column;remove column;remove column;-1;-1;-1;-1;-1;-1;-1;-1;-1;-1;-1;-1;-1;-1;-1;-1;-1;-1;-1;-1;-1;-1;-1;-1;-1;-1;-1;-1;-1;-1;-1;-1;-1;-1;-1;-1;-1;-1;-1;-1;-1;-1;-1;-1
Que cor expressa a lealdade?;-1;remove column;remove column;remove column;remove column;remove column;remove column;remove column;remove column;remove column;remove column;-1;-1;-1;-1;-1;-1;-1;-1;-1;-1;-1;-1;-1;-1;-1;-1;-1;-1;-1;-1;-1;-1;-1;-1;-1;-1;-1;-1;-1;-1;-1;-1;-1;-1;-1;-1;-1;-1;-1;-1;-1;-1;-1;-1
Qual a cidade com maior população?;-1;remove column;remove column;remove column;remove column;remove column;remove column;remove column;remove column;remove column;remove column;-1;-1;-1;-1;-1;-1;-1;-1;-1;-1;-1;-1;-1;-1;-1;-1;-1;-1;-1;-1;-1;-1;-1;-1;-1;-1;-1;-1;-1;-1;-1;-1;-1;-1;-1;-1;-1;-1;-1;-1;-1;-1;-1;-1
Quem criou a Wikipedia?;-1;remove column;remove column;remove column;remove column;remove column;remove column;remove column;remove column;remove column;remove column;-1;-1;-1;-1;-1;-1;-1;-1;-1;-1;-1;-1;-1;-1;-1;-1;-1;-1;-1;-1;-1;-1;-1;-1;-1;-1;-1;-1;-1;-1;-1;-1;-1;-1;-1;-1;-1;-1;-1;-1;-1;-1;-1;-1
Rita Wilson é a esposa de Tom Hanks?;-1;remove column;remove column;remove column;remove column;remove column;remove column;remove column;remove column;remove column;remove column;-1;-1;-1;-1;-1;-1;-1;-1;-1;-1;-1;-1;-1;-1;-1;-1;-1;-1;-1;-1;-1;-1;-1;-1;-1;-1;-1;-1;-1;-1;-1;-1;-1;-1;-1;-1;-1;-1;-1;-1;-1;-1;-1;-1
A esposa do presidente Obama chama-se Michelle?;-1;remove column;remove column;remove column;remove column;remove column;remove column;remove column;remove column;remove column;remove column;-1;-1;-1;-1;-1;-1;-1;-1;-1;-1;-1;-1;-1;-1;-1;-1;-1;-1;-1;-1;-1;-1;-1;-1;-1;-1;-1;-1;-1;-1;-1;-1;-1;-1;-1;-1;-1;-1;-1;-1;-1;-1;-1;-1
Quantos grupos étnicos vivem na Eslovênia?;-1;remove column;remove column;remove column;remove column;remove column;remove column;remove column;remove column;remove column;remove column;-1;-1;-1;-1;-1;-1;-1;-1;-1;-1;-1;-1;-1;-1;-1;-1;-1;-1;-1;-1;-1;-1;-1;-1;-1;-1;-1;-1;-1;-1;-1;-1;-1;-1;-1;-1;-1;-1;-1;-1;-1;-1;-1;-1
Quem é o presidente da Eritrea?;-1;remove column;remove column;remove column;remove column;remove column;remove column;remove column;remove column;remove column;remove column;-1;-1;-1;-1;-1;-1;-1;-1;-1;-1;-1;-1;-1;-1;-1;-1;-1;-1;-1;-1;-1;-1;-1;-1;-1;-1;-1;-1;-1;-1;-1;-1;-1;-1;-1;-1;-1;-1;-1;-1;-1;-1;-1;-1
Que filmes Stanley Kubrick dirigiu?;-1;remove column;remove column;remove column;remove column;remove column;remove column;remove column;remove column;remove column;remove column;-1;-1;-1;-1;-1;-1;-1;-1;-1;-1;-1;-1;-1;-1;-1;-1;-1;-1;-1;-1;-1;-1;-1;-1;-1;-1;-1;-1;-1;-1;-1;-1;-1;-1;-1;-1;-1;-1;-1;-1;-1;-1;-1;-1
Quando o Titanic foi completado?;-1;remove column;remove column;remove column;remove column;remove column;remove column;remove column;remove column;remove column;remove column;-1;-1;-1;-1;-1;-1;-1;-1;-1;-1;-1;-1;-1;-1;-1;-1;-1;-1;-1;-1;-1;-1;-1;-1;-1;-1;-1;-1;-1;-1;-1;-1;-1;-1;-1;-1;-1;-1;-1;-1;-1;-1;-1;-1
Quantas páginas tem Guerra e Paz?;-1;remove column;remove column;remove column;remove column;remove column;remove column;remove column;remove column;remove column;remove column;-1;-1;-1;-1;-1;-1;-1;-1;-1;-1;-1;-1;-1;-1;-1;-1;-1;-1;-1;-1;-1;-1;-1;-1;-1;-1;-1;-1;-1;-1;-1;-1;-1;-1;-1;-1;-1;-1;-1;-1;-1;-1;-1;-1
Quem é o jogador mais jovem da Premier League?;-1;remove column;remove column;remove column;remove column;remove column;remove column;remove column;remove column;remove column;remove column;-1;-1;-1;-1;-1;-1;-1;-1;-1;-1;-1;-1;-1;-1;-1;-1;-1;-1;-1;-1;-1;-1;-1;-1;-1;-1;-1;-1;-1;-1;-1;-1;-1;-1;-1;-1;-1;-1;-1;-1;-1;-1;-1;-1
Qual a montanha mais alta da Itália?;-1;remove column;remove column;remove column;remove column;remove column;remove column;remove column;remove column;remove column;remove column;-1;-1;-1;-1;-1;-1;-1;-1;-1;-1;-1;-1;-1;-1;-1;-1;-1;-1;-1;-1;-1;-1;-1;-1;-1;-1;-1;-1;-1;-1;-1;-1;-1;-1;-1;-1;-1;-1;-1;-1;-1;-1;-1;-1
Qual a altura de Claudia Schiffer?;-1;remove column;remove column;remove column;remove column;remove column;remove column;remove column;remove column;remove column;remove column;-1;-1;-1;-1;-1;-1;-1;-1;-1;-1;-1;-1;-1;-1;-1;-1;-1;-1;-1;-1;-1;-1;-1;-1;-1;-1;-1;-1;-1;-1;-1;-1;-1;-1;-1;-1;-1;-1;-1;-1;-1;-1;-1;-1
Quem foi o vice presidente de John F. Kennedy?;-1;remove column;remove column;remove column;remove column;remove column;remove column;remove column;remove column;remove column;remove column;-1;-1;-1;-1;-1;-1;-1;-1;-1;-1;-1;-1;-1;-1;-1;-1;-1;-1;-1;-1;-1;-1;-1;-1;-1;-1;-1;-1;-1;-1;-1;-1;-1;-1;-1;-1;-1;-1;-1;-1;-1;-1;-1;-1
Que subsidiária da Lufthansa atende Dortmund e Berlin?;-1;remove column;remove column;remove column;remove column;remove column;remove column;remove column;remove column;remove column;remove column;-1;-1;-1;-1;-1;-1;-1;-1;-1;-1;-1;-1;-1;-1;-1;-1;-1;-1;-1;-1;-1;-1;-1;-1;-1;-1;-1;-1;-1;-1;-1;-1;-1;-1;-1;-1;-1;-1;-1;-1;-1;-1;-1;-1
Quem foi o sucessor de John F. Kennedy?;-1;remove column;remove column;remove column;remove column;remove column;remove column;remove column;remove column;remove column;remove column;-1;-1;-1;-1;-1;-1;-1;-1;-1;-1;-1;-1;-1;-1;-1;-1;-1;-1;-1;-1;-1;-1;-1;-1;-1;-1;-1;-1;-1;-1;-1;-1;-1;-1;-1;-1;-1;-1;-1;-1;-1;-1;-1;-1
Quem compôs a trilha sonora do Titanic de Cameron?;-1;remove column;remove column;remove column;remove column;remove column;remove column;remove column;remove column;remove column;remove column;-1;-1;-1;-1;-1;-1;-1;-1;-1;-1;-1;-1;-1;-1;-1;-1;-1;-1;-1;-1;-1;-1;-1;-1;-1;-1;-1;-1;-1;-1;-1;-1;-1;-1;-1;-1;-1;-1;-1;-1;-1;-1;-1;-1
Quais filmes Kurosawa dirigiu?;-1;remove column;remove column;remove column;remove column;remove column;remove column;remove column;remove column;remove column;remove column;-1;-1;-1;-1;-1;-1;-1;-1;-1;-1;-1;-1;-1;-1;-1;-1;-1;-1;-1;-1;-1;-1;-1;-1;-1;-1;-1;-1;-1;-1;-1;-1;-1;-1;-1;-1;-1;-1;-1;-1;-1;-1;-1;-1
Para qual gravadora Elvis gravou seu primeiro álbum?;-1;remove column;remove column;remove column;remove column;remove column;remove column;remove column;remove column;remove column;remove column;-1;-1;-1;-1;-1;-1;-1;-1;-1;-1;-1;-1;-1;-1;-1;-1;-1;-1;-1;-1;-1;-1;-1;-1;-1;-1;-1;-1;-1;-1;-1;-1;-1;-1;-1;-1;-1;-1;-1;-1;-1;-1;-1;-1
Em que fuso horário está Roma?;-1;remove column;remove column;remove column;remove column;remove column;remove column;remove column;remove column;remove column;remove column;-1;-1;-1;-1;-1;-1;-1;-1;-1;-1;-1;-1;-1;-1;-1;-1;-1;-1;-1;-1;-1;-1;-1;-1;-1;-1;-1;-1;-1;-1;-1;-1;-1;-1;-1;-1;-1;-1;-1;-1;-1;-1;-1;-1
Qual a moeda da China?;-1;remove column;remove column;remove column;remove column;remove column;remove column;remove column;remove column;remove column;remove column;-1;-1;-1;-1;-1;-1;-1;-1;-1;-1;-1;-1;-1;-1;-1;-1;-1;-1;-1;-1;-1;-1;-1;-1;-1;-1;-1;-1;-1;-1;-1;-1;-1;-1;-1;-1;-1;-1;-1;-1;-1;-1;-1;-1
Quem são os desenvolvedores do DBPedia?;-1;remove column;remove column;remove column;remove column;remove column;remove column;remove column;remove column;remove column;remove column;-1;-1;-1;-1;-1;-1;-1;-1;-1;-1;-1;-1;-1;-1;-1;-1;-1;-1;-1;-1;-1;-1;-1;-1;-1;-1;-1;-1;-1;-1;-1;-1;-1;-1;-1;-1;-1;-1;-1;-1;-1;-1;-1;-1
O local onde Abraham Lincoln morreu tem um website?;-1;remove column;remove column;remove column;remove column;remove column;remove column;remove column;remove column;remove column;remove column;-1;-1;-1;-1;-1;-1;-1;-1;-1;-1;-1;-1;-1;-1;-1;-1;-1;-1;-1;-1;-1;-1;-1;-1;-1;-1;-1;-1;-1;-1;-1;-1;-1;-1;-1;-1;-1;-1;-1;-1;-1;-1;-1;-1
Quem é o rei da Holanda?;-1;remove column;remove column;remove column;remove column;remove column;remove column;remove column;remove column;remove column;remove column;-1;-1;-1;-1;-1;-1;-1;-1;-1;-1;-1;-1;-1;-1;-1;-1;-1;-1;-1;-1;-1;-1;-1;-1;-1;-1;-1;-1;-1;-1;-1;-1;-1;-1;-1;-1;-1;-1;-1;-1;-1;-1;-1;-1
Em que cidade Nikos Kazantzakis morreu?;-1;remove column;remove column;remove column;remove column;remove column;remove column;remove column;remove column;remove column;remove column;-1;-1;-1;-1;-1;-1;-1;-1;-1;-1;-1;-1;-1;-1;-1;-1;-1;-1;-1;-1;-1;-1;-1;-1;-1;-1;-1;-1;-1;-1;-1;-1;-1;-1;-1;-1;-1;-1;-1;-1;-1;-1;-1;-1
Quem foi o pai da Rainha Elizabeth II?;-1;remove column;remove column;remove column;remove column;remove column;remove column;remove column;remove column;remove column;remove column;-1;-1;-1;-1;-1;-1;-1;-1;-1;-1;-1;-1;-1;-1;-1;-1;-1;-1;-1;-1;-1;-1;-1;-1;-1;-1;-1;-1;-1;-1;-1;-1;-1;-1;-1;-1;-1;-1;-1;-1;-1;-1;-1;-1
Liste todas as aves que correm perigo de extinção.;-1;remove column;remove column;remove column;remove column;remove column;remove column;remove column;remove column;remove column;remove column;-1;-1;-1;-1;-1;-1;-1;-1;-1;-1;-1;-1;-1;-1;-1;-1;-1;-1;-1;-1;-1;-1;-1;-1;-1;-1;-1;-1;-1;-1;-1;-1;-1;-1;-1;-1;-1;-1;-1;-1;-1;-1;-1;-1
Quantos habitantes tem a maior cidade do Canadá?;-1;remove column;remove column;remove column;remove column;remove column;remove column;remove column;remove column;remove column;remove column;-1;-1;-1;-1;-1;-1;-1;-1;-1;-1;-1;-1;-1;-1;-1;-1;-1;-1;-1;-1;-1;-1;-1;-1;-1;-1;-1;-1;-1;-1;-1;-1;-1;-1;-1;-1;-1;-1;-1;-1;-1;-1;-1;-1
De quais conflitos militares Lawrence da Arábia participou?;-1;remove column;remove column;remove column;remove column;remove column;remove column;remove column;remove column;remove column;remove column;-1;-1;-1;-1;-1;-1;-1;-1;-1;-1;-1;-1;-1;-1;-1;-1;-1;-1;-1;-1;-1;-1;-1;-1;-1;-1;-1;-1;-1;-1;-1;-1;-1;-1;-1;-1;-1;-1;-1;-1;-1;-1;-1;-1
Qual o livro com maior número de páginas?;-1;remove column;remove column;remove column;remove column;remove column;remove column;remove column;remove column;remove column;remove column;-1;-1;-1;-1;-1;-1;-1;-1;-1;-1;-1;-1;-1;-1;-1;-1;-1;-1;-1;-1;-1;-1;-1;-1;-1;-1;-1;-1;-1;-1;-1;-1;-1;-1;-1;-1;-1;-1;-1;-1;-1;-1;-1;-1
Em que país nasce o Nilo?;-1;remove column;remove column;remove column;remove column;remove column;remove column;remove column;remove column;remove column;remove column;-1;-1;-1;-1;-1;-1;-1;-1;-1;-1;-1;-1;-1;-1;-1;-1;-1;-1;-1;-1;-1;-1;-1;-1;-1;-1;-1;-1;-1;-1;-1;-1;-1;-1;-1;-1;-1;-1;-1;-1;-1;-1;-1;-1
Quem é o piloto de Fórmula 1 com mais corridas?;-1;remove column;remove column;remove column;remove column;remove column;remove column;remove column;remove column;remove column;remove column;-1;-1;-1;-1;-1;-1;-1;-1;-1;-1;-1;-1;-1;-1;-1;-1;-1;-1;-1;-1;-1;-1;-1;-1;-1;-1;-1;-1;-1;-1;-1;-1;-1;-1;-1;-1;-1;-1;-1;-1;-1;-1;-1;-1
Que companhias produzem aerodeslizadores?;-1;remove column;remove column;remove column;remove column;remove column;remove column;remove column;remove column;remove column;remove column;-1;-1;-1;-1;-1;-1;-1;-1;-1;-1;-1;-1;-1;-1;-1;-1;-1;-1;-1;-1;-1;-1;-1;-1;-1;-1;-1;-1;-1;-1;-1;-1;-1;-1;-1;-1;-1;-1;-1;-1;-1;-1;-1;-1
Elvis Presley teve filhos?;-1;remove column;remove column;remove column;remove column;remove column;remove column;remove column;remove column;remove column;remove column;-1;-1;-1;-1;-1;-1;-1;-1;-1;-1;-1;-1;-1;-1;-1;-1;-1;-1;-1;-1;-1;-1;-1;-1;-1;-1;-1;-1;-1;-1;-1;-1;-1;-1;-1;-1;-1;-1;-1;-1;-1;-1;-1;-1
Em que cidade o presidente de Montenegro nasceu?;-1;remove column;remove column;remove column;remove column;remove column;remove column;remove column;remove column;remove column;remove column;-1;-1;-1;-1;-1;-1;-1;-1;-1;-1;-1;-1;-1;-1;-1;-1;-1;-1;-1;-1;-1;-1;-1;-1;-1;-1;-1;-1;-1;-1;-1;-1;-1;-1;-1;-1;-1;-1;-1;-1;-1;-1;-1;-1
Em que país Bill Gates nasceu?;-1;remove column;remove column;remove column;remove column;remove column;remove column;remove column;remove column;remove column;remove column;-1;-1;-1;-1;-1;-1;-1;-1;-1;-1;-1;-1;-1;-1;-1;-1;-1;-1;-1;-1;-1;-1;-1;-1;-1;-1;-1;-1;-1;-1;-1;-1;-1;-1;-1;-1;-1;-1;-1;-1;-1;-1;-1;-1
Em que país se fala japonês?;-1;remove column;remove column;remove column;remove column;remove column;remove column;remove column;remove column;remove column;remove column;-1;-1;-1;-1;-1;-1;-1;-1;-1;-1;-1;-1;-1;-1;-1;-1;-1;-1;-1;-1;-1;-1;-1;-1;-1;-1;-1;-1;-1;-1;-1;-1;-1;-1;-1;-1;-1;-1;-1;-1;-1;-1;-1;-1
Mostre me o livro que Muhammad Ali escreveu.;-1;remove column;remove column;remove column;remove column;remove column;remove column;remove column;remove column;remove column;remove column;-1;-1;-1;-1;-1;-1;-1;-1;-1;-1;-1;-1;-1;-1;-1;-1;-1;-1;-1;-1;-1;-1;-1;-1;-1;-1;-1;-1;-1;-1;-1;-1;-1;-1;-1;-1;-1;-1;-1;-1;-1;-1;-1;-1
Michelle Obama é a esposa de Barack Obama?;-1;remove column;remove column;remove column;remove column;remove column;remove column;remove column;remove column;remove column;remove column;-1;-1;-1;-1;-1;-1;-1;-1;-1;-1;-1;-1;-1;-1;-1;-1;-1;-1;-1;-1;-1;-1;-1;-1;-1;-1;-1;-1;-1;-1;-1;-1;-1;-1;-1;-1;-1;-1;-1;-1;-1;-1;-1;-1
Qual é o código de área de Berlin?;-1;remove column;remove column;remove column;remove column;remove column;remove column;remove column;remove column;remove column;remove column;-1;-1;-1;-1;-1;-1;-1;-1;-1;-1;-1;-1;-1;-1;-1;-1;-1;-1;-1;-1;-1;-1;-1;-1;-1;-1;-1;-1;-1;-1;-1;-1;-1;-1;-1;-1;-1;-1;-1;-1;-1;-1;-1;-1
Liste todos os atores que atuaram em Last Action Hero.;-1;remove column;remove column;remove column;remove column;remove column;remove column;remove column;remove column;remove column;remove column;-1;-1;-1;-1;-1;-1;-1;-1;-1;-1;-1;-1;-1;-1;-1;-1;-1;-1;-1;-1;-1;-1;-1;-1;-1;-1;-1;-1;-1;-1;-1;-1;-1;-1;-1;-1;-1;-1;-1;-1;-1;-1;-1;-1
Quais são os apelidos de San Francisco?;-1;remove column;remove column;remove column;remove column;remove column;remove column;remove column;remove column;remove column;remove column;-1;-1;-1;-1;-1;-1;-1;-1;-1;-1;-1;-1;-1;-1;-1;-1;-1;-1;-1;-1;-1;-1;-1;-1;-1;-1;-1;-1;-1;-1;-1;-1;-1;-1;-1;-1;-1;-1;-1;-1;-1;-1;-1;-1
Qual foi o primeiro álbum do Queen?;-1;remove column;remove column;remove column;remove column;remove column;remove column;remove column;remove column;remove column;remove column;-1;-1;-1;-1;-1;-1;-1;-1;-1;-1;-1;-1;-1;-1;-1;-1;-1;-1;-1;-1;-1;-1;-1;-1;-1;-1;-1;-1;-1;-1;-1;-1;-1;-1;-1;-1;-1;-1;-1;-1;-1;-1;-1;-1
Por quais países o rio Yenisei passa?;-1;remove column;remove column;remove column;remove column;remove column;remove column;remove column;remove column;remove column;remove column;-1;-1;-1;-1;-1;-1;-1;-1;-1;-1;-1;-1;-1;-1;-1;-1;-1;-1;-1;-1;-1;-1;-1;-1;-1;-1;-1;-1;-1;-1;-1;-1;-1;-1;-1;-1;-1;-1;-1;-1;-1;-1;-1;-1
Quais séries de televisão foram criadas por Walt Disney?;-1;remove column;remove column;remove column;remove column;remove column;remove column;remove column;remove column;remove column;remove column;-1;-1;-1;-1;-1;-1;-1;-1;-1;-1;-1;-1;-1;-1;-1;-1;-1;-1;-1;-1;-1;-1;-1;-1;-1;-1;-1;-1;-1;-1;-1;-1;-1;-1;-1;-1;-1;-1;-1;-1;-1;-1;-1;-1
Qual a ponte mais comprida?;-1;remove column;remove column;remove column;remove column;remove column;remove column;remove column;remove column;remove column;remove column;-1;-1;-1;-1;-1;-1;-1;-1;-1;-1;-1;-1;-1;-1;-1;-1;-1;-1;-1;-1;-1;-1;-1;-1;-1;-1;-1;-1;-1;-1;-1;-1;-1;-1;-1;-1;-1;-1;-1;-1;-1;-1;-1;-1
De que país é a Sitecore;-1;remove column;remove column;remove column;remove column;remove column;remove column;remove column;remove column;remove column;remove column;-1;-1;-1;-1;-1;-1;-1;-1;-1;-1;-1;-1;-1;-1;-1;-1;-1;-1;-1;-1;-1;-1;-1;-1;-1;-1;-1;-1;-1;-1;-1;-1;-1;-1;-1;-1;-1;-1;-1;-1;-1;-1;-1;-1
Com quem Lance Bass casou-se?;-1;remove column;remove column;remove column;remove column;remove column;remove column;remove column;remove column;remove column;remove column;-1;-1;-1;-1;-1;-1;-1;-1;-1;-1;-1;-1;-1;-1;-1;-1;-1;-1;-1;-1;-1;-1;-1;-1;-1;-1;-1;-1;-1;-1;-1;-1;-1;-1;-1;-1;-1;-1;-1;-1;-1;-1;-1;-1
Qual a capital do Canadá?;-1;remove column;remove column;remove column;remove column;remove column;remove column;remove column;remove column;remove column;remove column;-1;-1;-1;-1;-1;-1;-1;-1;-1;-1;-1;-1;-1;-1;-1;-1;-1;-1;-1;-1;-1;-1;-1;-1;-1;-1;-1;-1;-1;-1;-1;-1;-1;-1;-1;-1;-1;-1;-1;-1;-1;-1;-1;-1
Em quem Vincent van Gogh inspirou-se?;-1;remove column;remove column;remove column;remove column;remove column;remove column;remove column;remove column;remove column;remove column;-1;-1;-1;-1;-1;-1;-1;-1;-1;-1;-1;-1;-1;-1;-1;-1;-1;-1;-1;-1;-1;-1;-1;-1;-1;-1;-1;-1;-1;-1;-1;-1;-1;-1;-1;-1;-1;-1;-1;-1;-1;-1;-1;-1
Em que cidade John F. Kennedy morreu?;-1;remove column;remove column;remove column;remove column;remove column;remove column;remove column;remove column;remove column;remove column;-1;-1;-1;-1;-1;-1;-1;-1;-1;-1;-1;-1;-1;-1;-1;-1;-1;-1;-1;-1;-1;-1;-1;-1;-1;-1;-1;-1;-1;-1;-1;-1;-1;-1;-1;-1;-1;-1;-1;-1;-1;-1;-1;-1
O presidente Jackson dos EUA envolveu-se em uma guerra?;-1;remove column;remove column;remove column;remove column;remove column;remove column;remove column;remove column;remove column;remove column;-1;-1;-1;-1;-1;-1;-1;-1;-1;-1;-1;-1;-1;-1;-1;-1;-1;-1;-1;-1;-1;-1;-1;-1;-1;-1;-1;-1;-1;-1;-1;-1;-1;-1;-1;-1;-1;-1;-1;-1;-1;-1;-1;-1
Quem escreveu o tema do Game of Thrones?;-1;remove column;remove column;remove column;remove column;remove column;remove column;remove column;remove column;remove column;remove column;-1;-1;-1;-1;-1;-1;-1;-1;-1;-1;-1;-1;-1;-1;-1;-1;-1;-1;-1;-1;-1;-1;-1;-1;-1;-1;-1;-1;-1;-1;-1;-1;-1;-1;-1;-1;-1;-1;-1;-1;-1;-1;-1;-1
Quem projetou a Ponte do Brooklin?;-1;remove column;remove column;remove column;remove column;remove column;remove column;remove column;remove column;remove column;remove column;-1;-1;-1;-1;-1;-1;-1;-1;-1;-1;-1;-1;-1;-1;-1;-1;-1;-1;-1;-1;-1;-1;-1;-1;-1;-1;-1;-1;-1;-1;-1;-1;-1;-1;-1;-1;-1;-1;-1;-1;-1;-1;-1;-1
Quando Boris Becker encerrou sua carreira?;-1;remove column;remove column;remove column;remove column;remove column;remove column;remove column;remove column;remove column;remove column;-1;-1;-1;-1;-1;-1;-1;-1;-1;-1;-1;-1;-1;-1;-1;-1;-1;-1;-1;-1;-1;-1;-1;-1;-1;-1;-1;-1;-1;-1;-1;-1;-1;-1;-1;-1;-1;-1;-1;-1;-1;-1;-1;-1
Que tipos de uvas crescem no Oregon?;-1;remove column;remove column;remove column;remove column;remove column;remove column;remove column;remove column;remove column;remove column;-1;-1;-1;-1;-1;-1;-1;-1;-1;-1;-1;-1;-1;-1;-1;-1;-1;-1;-1;-1;-1;-1;-1;-1;-1;-1;-1;-1;-1;-1;-1;-1;-1;-1;-1;-1;-1;-1;-1;-1;-1;-1;-1;-1
Qual a altura de Michael Jordan?;-1;remove column;remove column;remove column;remove column;remove column;remove column;remove column;remove column;remove column;remove column;-1;-1;-1;-1;-1;-1;-1;-1;-1;-1;-1;-1;-1;-1;-1;-1;-1;-1;-1;-1;-1;-1;-1;-1;-1;-1;-1;-1;-1;-1;-1;-1;-1;-1;-1;-1;-1;-1;-1;-1;-1;-1;-1;-1
A que partido o prefeito de Paris pertence?;-1;remove column;remove column;remove column;remove column;remove column;remove column;remove column;remove column;remove column;remove column;-1;-1;-1;-1;-1;-1;-1;-1;-1;-1;-1;-1;-1;-1;-1;-1;-1;-1;-1;-1;-1;-1;-1;-1;-1;-1;-1;-1;-1;-1;-1;-1;-1;-1;-1;-1;-1;-1;-1;-1;-1;-1;-1;-1
Quem escreveu o livro Os Pilares da Terra?;-1;remove column;remove column;remove column;remove column;remove column;remove column;remove column;remove column;remove column;remove column;-1;-1;-1;-1;-1;-1;-1;-1;-1;-1;-1;-1;-1;-1;-1;-1;-1;-1;-1;-1;-1;-1;-1;-1;-1;-1;-1;-1;-1;-1;-1;-1;-1;-1;-1;-1;-1;-1;-1;-1;-1;-1;-1;-1
Quem foi o 16o presidente dos Estados Unidos?;-1;remove column;remove column;remove column;remove column;remove column;remove column;remove column;remove column;remove column;remove column;-1;-1;-1;-1;-1;-1;-1;-1;-1;-1;-1;-1;-1;-1;-1;-1;-1;-1;-1;-1;-1;-1;-1;-1;-1;-1;-1;-1;-1;-1;-1;-1;-1;-1;-1;-1;-1;-1;-1;-1;-1;-1;-1;-1
Qual a altura do Monte Everest?;-1;remove column;remove column;remove column;remove column;remove column;remove column;remove column;remove column;remove column;remove column;-1;-1;-1;-1;-1;-1;-1;-1;-1;-1;-1;-1;-1;-1;-1;-1;-1;-1;-1;-1;-1;-1;-1;-1;-1;-1;-1;-1;-1;-1;-1;-1;-1;-1;-1;-1;-1;-1;-1;-1;-1;-1;-1;-1
Quem foi o orientador do doutorado de Albert Einstein?;-1;remove column;remove column;remove column;remove column;remove column;remove column;remove column;remove column;remove column;remove column;-1;-1;-1;-1;-1;-1;-1;-1;-1;-1;-1;-1;-1;-1;-1;-1;-1;-1;-1;-1;-1;-1;-1;-1;-1;-1;-1;-1;-1;-1;-1;-1;-1;-1;-1;-1;-1;-1;-1;-1;-1;-1;-1;-1
Em que cidade Sylvester Stallone mora?;-1;remove column;remove column;remove column;remove column;remove column;remove column;remove column;remove column;remove column;remove column;-1;-1;-1;-1;-1;-1;-1;-1;-1;-1;-1;-1;-1;-1;-1;-1;-1;-1;-1;-1;-1;-1;-1;-1;-1;-1;-1;-1;-1;-1;-1;-1;-1;-1;-1;-1;-1;-1;-1;-1;-1;-1;-1;-1
Qual a moeda da República Tcheca?;-1;remove column;remove column;remove column;remove column;remove column;remove column;remove column;remove column;remove column;remove column;-1;-1;-1;-1;-1;-1;-1;-1;-1;-1;-1;-1;-1;-1;-1;-1;-1;-1;-1;-1;-1;-1;-1;-1;-1;-1;-1;-1;-1;-1;-1;-1;-1;-1;-1;-1;-1;-1;-1;-1;-1;-1;-1;-1
Sócrates influenciou Aristóteles?;-1;remove column;remove column;remove column;remove column;remove column;remove column;remove column;remove column;remove column;remove column;-1;-1;-1;-1;-1;-1;-1;-1;-1;-1;-1;-1;-1;-1;-1;-1;-1;-1;-1;-1;-1;-1;-1;-1;-1;-1;-1;-1;-1;-1;-1;-1;-1;-1;-1;-1;-1;-1;-1;-1;-1;-1;-1;-1
Qual o fuso horário de Salt Lake City?;-1;remove column;remove column;remove column;remove column;remove column;remove column;remove column;remove column;remove column;remove column;-1;-1;-1;-1;-1;-1;-1;-1;-1;-1;-1;-1;-1;-1;-1;-1;-1;-1;-1;-1;-1;-1;-1;-1;-1;-1;-1;-1;-1;-1;-1;-1;-1;-1;-1;-1;-1;-1;-1;-1;-1;-1;-1;-1
Quem é o filho de Sonny e Cher?;-1;remove column;remove column;remove column;remove column;remove column;remove column;remove column;remove column;remove column;remove column;-1;-1;-1;-1;-1;-1;-1;-1;-1;-1;-1;-1;-1;-1;-1;-1;-1;-1;-1;-1;-1;-1;-1;-1;-1;-1;-1;-1;-1;-1;-1;-1;-1;-1;-1;-1;-1;-1;-1;-1;-1;-1;-1;-1
Em que cidade está a sede das Nações Unidas?;-1;remove column;remove column;remove column;remove column;remove column;remove column;remove column;remove column;remove column;remove column;-1;-1;-1;-1;-1;-1;-1;-1;-1;-1;-1;-1;-1;-1;-1;-1;-1;-1;-1;-1;-1;-1;-1;-1;-1;-1;-1;-1;-1;-1;-1;-1;-1;-1;-1;-1;-1;-1;-1;-1;-1;-1;-1;-1
Quem é o fundador da Penquin Books?;-1;remove column;remove column;remove column;remove column;remove column;remove column;remove column;remove column;remove column;remove column;-1;-1;-1;-1;-1;-1;-1;-1;-1;-1;-1;-1;-1;-1;-1;-1;-1;-1;-1;-1;-1;-1;-1;-1;-1;-1;-1;-1;-1;-1;-1;-1;-1;-1;-1;-1;-1;-1;-1;-1;-1;-1;-1;-1
Quando foi fundada a Jack Wolfskin?;-1;remove column;remove column;remove column;remove column;remove column;remove column;remove column;remove column;remove column;remove column;-1;-1;-1;-1;-1;-1;-1;-1;-1;-1;-1;-1;-1;-1;-1;-1;-1;-1;-1;-1;-1;-1;-1;-1;-1;-1;-1;-1;-1;-1;-1;-1;-1;-1;-1;-1;-1;-1;-1;-1;-1;-1;-1;-1
Quem é o prefeito de Rotterdam?;-1;remove column;remove column;remove column;remove column;remove column;remove column;remove column;remove column;remove column;remove column;-1;-1;-1;-1;-1;-1;-1;-1;-1;-1;-1;-1;-1;-1;-1;-1;-1;-1;-1;-1;-1;-1;-1;-1;-1;-1;-1;-1;-1;-1;-1;-1;-1;-1;-1;-1;-1;-1;-1;-1;-1;-1;-1;-1
Liste todos os oceanógrafos suecos.;-1;remove column;remove column;remove column;remove column;remove column;remove column;remove column;remove column;remove column;remove column;-1;-1;-1;-1;-1;-1;-1;-1;-1;-1;-1;-1;-1;-1;-1;-1;-1;-1;-1;-1;-1;-1;-1;-1;-1;-1;-1;-1;-1;-1;-1;-1;-1;-1;-1;-1;-1;-1;-1;-1;-1;-1;-1;-1
Mostre-me a autobiografia de Hemingway.;-1;remove column;remove column;remove column;remove column;remove column;remove column;remove column;remove column;remove column;remove column;-1;-1;-1;-1;-1;-1;-1;-1;-1;-1;-1;-1;-1;-1;-1;-1;-1;-1;-1;-1;-1;-1;-1;-1;-1;-1;-1;-1;-1;-1;-1;-1;-1;-1;-1;-1;-1;-1;-1;-1;-1;-1;-1;-1
Quem são os pais da esposa de Juan Carlos I?;-1;remove column;remove column;remove column;remove column;remove column;remove column;remove column;remove column;remove column;remove column;-1;-1;-1;-1;-1;-1;-1;-1;-1;-1;-1;-1;-1;-1;-1;-1;-1;-1;-1;-1;-1;-1;-1;-1;-1;-1;-1;-1;-1;-1;-1;-1;-1;-1;-1;-1;-1;-1;-1;-1;-1;-1;-1;-1
Tesla ganhou um Prêmio Nobel de Física?;-1;remove column;remove column;remove column;remove column;remove column;remove column;remove column;remove column;remove column;remove column;-1;-1;-1;-1;-1;-1;-1;-1;-1;-1;-1;-1;-1;-1;-1;-1;-1;-1;-1;-1;-1;-1;-1;-1;-1;-1;-1;-1;-1;-1;-1;-1;-1;-1;-1;-1;-1;-1;-1;-1;-1;-1;-1;-1
Quem é o jogador de basquete mais alto?;-1;remove column;remove column;remove column;remove column;remove column;remove column;remove column;remove column;remove column;remove column;-1;-1;-1;-1;-1;-1;-1;-1;-1;-1;-1;-1;-1;-1;-1;-1;-1;-1;-1;-1;-1;-1;-1;-1;-1;-1;-1;-1;-1;-1;-1;-1;-1;-1;-1;-1;-1;-1;-1;-1;-1;-1;-1;-1
Qual cidade tem menos habitantes?;-1;remove column;remove column;remove column;remove column;remove column;remove column;remove column;remove column;remove column;remove column;-1;-1;-1;-1;-1;-1;-1;-1;-1;-1;-1;-1;-1;-1;-1;-1;-1;-1;-1;-1;-1;-1;-1;-1;-1;-1;-1;-1;-1;-1;-1;-1;-1;-1;-1;-1;-1;-1;-1;-1;-1;-1;-1;-1
A proinsulina é uma proteína?;-1;remove column;remove column;remove column;remove column;remove column;remove column;remove column;remove column;remove column;remove column;-1;-1;-1;-1;-1;-1;-1;-1;-1;-1;-1;-1;-1;-1;-1;-1;-1;-1;-1;-1;-1;-1;-1;-1;-1;-1;-1;-1;-1;-1;-1;-1;-1;-1;-1;-1;-1;-1;-1;-1;-1;-1;-1;-1
Quem foram os pais da Rainha Victoria?;-1;remove column;remove column;remove column;remove column;remove column;remove column;remove column;remove column;remove column;remove column;-1;-1;-1;-1;-1;-1;-1;-1;-1;-1;-1;-1;-1;-1;-1;-1;-1;-1;-1;-1;-1;-1;-1;-1;-1;-1;-1;-1;-1;-1;-1;-1;-1;-1;-1;-1;-1;-1;-1;-1;-1;-1;-1;-1
Che Guevara teve filhos?;-1;remove column;remove column;remove column;remove column;remove column;remove column;remove column;remove column;remove column;remove column;-1;-1;-1;-1;-1;-1;-1;-1;-1;-1;-1;-1;-1;-1;-1;-1;-1;-1;-1;-1;-1;-1;-1;-1;-1;-1;-1;-1;-1;-1;-1;-1;-1;-1;-1;-1;-1;-1;-1;-1;-1;-1;-1;-1
O lago Baikal é maior do que o lago Great Bear?;-1;remove column;remove column;remove column;remove column;remove column;remove column;remove column;remove column;remove column;remove column;-1;-1;-1;-1;-1;-1;-1;-1;-1;-1;-1;-1;-1;-1;-1;-1;-1;-1;-1;-1;-1;-1;-1;-1;-1;-1;-1;-1;-1;-1;-1;-1;-1;-1;-1;-1;-1;-1;-1;-1;-1;-1;-1;-1
Kaurismäki alguma vez venceu o Grand Prix de Cannes?;-1;remove column;remove column;remove column;remove column;remove column;remove column;remove column;remove column;remove column;remove column;-1;-1;-1;-1;-1;-1;-1;-1;-1;-1;-1;-1;-1;-1;-1;-1;-1;-1;-1;-1;-1;-1;-1;-1;-1;-1;-1;-1;-1;-1;-1;-1;-1;-1;-1;-1;-1;-1;-1;-1;-1;-1;-1;-1
Liste todos os livros de William Goldman com mais de 300 páginas.;-1;remove column;remove column;remove column;remove column;remove column;remove column;remove column;remove column;remove column;remove column;-1;-1;-1;-1;-1;-1;-1;-1;-1;-1;-1;-1;-1;-1;-1;-1;-1;-1;-1;-1;-1;-1;-1;-1;-1;-1;-1;-1;-1;-1;-1;-1;-1;-1;-1;-1;-1;-1;-1;-1;-1;-1;-1;-1
Onde está localizado o Fort Knox?;-1;remove column;remove column;remove column;remove column;remove column;remove column;remove column;remove column;remove column;remove column;-1;-1;-1;-1;-1;-1;-1;-1;-1;-1;-1;-1;-1;-1;-1;-1;-1;-1;-1;-1;-1;-1;-1;-1;-1;-1;-1;-1;-1;-1;-1;-1;-1;-1;-1;-1;-1;-1;-1;-1;-1;-1;-1;-1
Em que estado dos EUA fica o Fort Knox?;-1;remove column;remove column;remove column;remove column;remove column;remove column;remove column;remove column;remove column;remove column;-1;-1;-1;-1;-1;-1;-1;-1;-1;-1;-1;-1;-1;-1;-1;-1;-1;-1;-1;-1;-1;-1;-1;-1;-1;-1;-1;-1;-1;-1;-1;-1;-1;-1;-1;-1;-1;-1;-1;-1;-1;-1;-1;-1
Onde está enterrado Syngman Rhee?;-1;remove column;remove column;remove column;remove column;remove column;remove column;remove column;remove column;remove column;remove column;-1;-1;-1;-1;-1;-1;-1;-1;-1;-1;-1;-1;-1;-1;-1;-1;-1;-1;-1;-1;-1;-1;-1;-1;-1;-1;-1;-1;-1;-1;-1;-1;-1;-1;-1;-1;-1;-1;-1;-1;-1;-1;-1;-1
Qual é o fuso horário de São Pedro de Atacama?;-1;remove column;remove column;remove column;remove column;remove column;remove column;remove column;remove column;remove column;remove column;-1;-1;-1;-1;-1;-1;-1;-1;-1;-1;-1;-1;-1;-1;-1;-1;-1;-1;-1;-1;-1;-1;-1;-1;-1;-1;-1;-1;-1;-1;-1;-1;-1;-1;-1;-1;-1;-1;-1;-1;-1;-1;-1;-1
A que movimento artístico o pintor do quadro As Três Dançarinas pertencia?;-1;remove column;remove column;remove column;remove column;remove column;remove column;remove column;remove column;remove column;remove column;-1;-1;-1;-1;-1;-1;-1;-1;-1;-1;-1;-1;-1;-1;-1;-1;-1;-1;-1;-1;-1;-1;-1;-1;-1;-1;-1;-1;-1;-1;-1;-1;-1;-1;-1;-1;-1;-1;-1;-1;-1;-1;-1;-1
Que cientista é conhecido pelo Projeto Manhattan e pelo Prêmio Nobel da Paz?;-1;remove column;remove column;remove column;remove column;remove column;remove column;remove column;remove column;remove column;remove column;-1;-1;-1;-1;-1;-1;-1;-1;-1;-1;-1;-1;-1;-1;-1;-1;-1;-1;-1;-1;-1;-1;-1;-1;-1;-1;-1;-1;-1;-1;-1;-1;-1;-1;-1;-1;-1;-1;-1;-1;-1;-1;-1;-1
Mostre-me todos os livros de Asimov da série Fundação.;-1;remove column;remove column;remove column;remove column;remove column;remove column;remove column;remove column;remove column;remove column;-1;-1;-1;-1;-1;-1;-1;-1;-1;-1;-1;-1;-1;-1;-1;-1;-1;-1;-1;-1;-1;-1;-1;-1;-1;-1;-1;-1;-1;-1;-1;-1;-1;-1;-1;-1;-1;-1;-1;-1;-1;-1;-1;-1
Liste todas as cidades em New Jersey com mais de 100000 habitantes.;-1;remove column;remove column;remove column;remove column;remove column;remove column;remove column;remove column;remove column;remove column;-1;-1;-1;-1;-1;-1;-1;-1;-1;-1;-1;-1;-1;-1;-1;-1;-1;-1;-1;-1;-1;-1;-1;-1;-1;-1;-1;-1;-1;-1;-1;-1;-1;-1;-1;-1;-1;-1;-1;-1;-1;-1;-1;-1
Que museu de Nova York tem mais visitantes?;-1;remove column;remove column;remove column;remove column;remove column;remove column;remove column;remove column;remove column;remove column;-1;-1;-1;-1;-1;-1;-1;-1;-1;-1;-1;-1;-1;-1;-1;-1;-1;-1;-1;-1;-1;-1;-1;-1;-1;-1;-1;-1;-1;-1;-1;-1;-1;-1;-1;-1;-1;-1;-1;-1;-1;-1;-1;-1
Qual a altura da torre Yokohama Marine?;-1;remove column;remove column;remove column;remove column;remove column;remove column;remove column;remove column;remove column;remove column;-1;-1;-1;-1;-1;-1;-1;-1;-1;-1;-1;-1;-1;-1;-1;-1;-1;-1;-1;-1;-1;-1;-1;-1;-1;-1;-1;-1;-1;-1;-1;-1;-1;-1;-1;-1;-1;-1;-1;-1;-1;-1;-1;-1
A nova série Battlestar Galactica tem mais episódios do que a anterior?;-1;remove column;remove column;remove column;remove column;remove column;remove column;remove column;remove column;remove column;remove column;-1;-1;-1;-1;-1;-1;-1;-1;-1;-1;-1;-1;-1;-1;-1;-1;-1;-1;-1;-1;-1;-1;-1;-1;-1;-1;-1;-1;-1;-1;-1;-1;-1;-1;-1;-1;-1;-1;-1;-1;-1;-1;-1;-1
Quem é o jogador mais jovem de dardos?;-1;remove column;remove column;remove column;remove column;remove column;remove column;remove column;remove column;remove column;remove column;-1;-1;-1;-1;-1;-1;-1;-1;-1;-1;-1;-1;-1;-1;-1;-1;-1;-1;-1;-1;-1;-1;-1;-1;-1;-1;-1;-1;-1;-1;-1;-1;-1;-1;-1;-1;-1;-1;-1;-1;-1;-1;-1;-1
Quem desenvolveu o jogo World of Warcraft?;-1;remove column;remove column;remove column;remove column;remove column;remove column;remove column;remove column;remove column;remove column;-1;-1;-1;-1;-1;-1;-1;-1;-1;-1;-1;-1;-1;-1;-1;-1;-1;-1;-1;-1;-1;-1;-1;-1;-1;-1;-1;-1;-1;-1;-1;-1;-1;-1;-1;-1;-1;-1;-1;-1;-1;-1;-1;-1
Qual papa fundou a Televisão do Vaticano?;-1;remove column;remove column;remove column;remove column;remove column;remove column;remove column;remove column;remove column;remove column;-1;-1;-1;-1;-1;-1;-1;-1;-1;-1;-1;-1;-1;-1;-1;-1;-1;-1;-1;-1;-1;-1;-1;-1;-1;-1;-1;-1;-1;-1;-1;-1;-1;-1;-1;-1;-1;-1;-1;-1;-1;-1;-1;-1
Quem compôs a música para Harold e Maude?;-1;remove column;remove column;remove column;remove column;remove column;remove column;remove column;remove column;remove column;remove column;-1;-1;-1;-1;-1;-1;-1;-1;-1;-1;-1;-1;-1;-1;-1;-1;-1;-1;-1;-1;-1;-1;-1;-1;-1;-1;-1;-1;-1;-1;-1;-1;-1;-1;-1;-1;-1;-1;-1;-1;-1;-1;-1;-1
Liste todos os membros da Prodigy;-1;remove column;remove column;remove column;remove column;remove column;remove column;remove column;remove column;remove column;remove column;-1;-1;-1;-1;-1;-1;-1;-1;-1;-1;-1;-1;-1;-1;-1;-1;-1;-1;-1;-1;-1;-1;-1;-1;-1;-1;-1;-1;-1;-1;-1;-1;-1;-1;-1;-1;-1;-1;-1;-1;-1;-1;-1;-1
Quem atua nos filmes espanhois produzidos por Benicio del Toro?;-1;remove column;remove column;remove column;remove column;remove column;remove column;remove column;remove column;remove column;remove column;-1;-1;-1;-1;-1;-1;-1;-1;-1;-1;-1;-1;-1;-1;-1;-1;-1;-1;-1;-1;-1;-1;-1;-1;-1;-1;-1;-1;-1;-1;-1;-1;-1;-1;-1;-1;-1;-1;-1;-1;-1;-1;-1;-1
Qual subsidiária da TUI Travel vôa para Glasgow e Dublin?;-1;remove column;remove column;remove column;remove column;remove column;remove column;remove column;remove column;remove column;remove column;-1;-1;-1;-1;-1;-1;-1;-1;-1;-1;-1;-1;-1;-1;-1;-1;-1;-1;-1;-1;-1;-1;-1;-1;-1;-1;-1;-1;-1;-1;-1;-1;-1;-1;-1;-1;-1;-1;-1;-1;-1;-1;-1;-1
Em qual país está localizada Meca?;-1;remove column;remove column;remove column;remove column;remove column;remove column;remove column;remove column;remove column;remove column;-1;-1;-1;-1;-1;-1;-1;-1;-1;-1;-1;-1;-1;-1;-1;-1;-1;-1;-1;-1;-1;-1;-1;-1;-1;-1;-1;-1;-1;-1;-1;-1;-1;-1;-1;-1;-1;-1;-1;-1;-1;-1;-1;-1
Quantos idiomas são falados na Colômbia?;-1;remove column;remove column;remove column;remove column;remove column;remove column;remove column;remove column;remove column;remove column;-1;-1;-1;-1;-1;-1;-1;-1;-1;-1;-1;-1;-1;-1;-1;-1;-1;-1;-1;-1;-1;-1;-1;-1;-1;-1;-1;-1;-1;-1;-1;-1;-1;-1;-1;-1;-1;-1;-1;-1;-1;-1;-1;-1
Qual o maior estádio da Espanha?;-1;remove column;remove column;remove column;remove column;remove column;remove column;remove column;remove column;remove column;remove column;-1;-1;-1;-1;-1;-1;-1;-1;-1;-1;-1;-1;-1;-1;-1;-1;-1;-1;-1;-1;-1;-1;-1;-1;-1;-1;-1;-1;-1;-1;-1;-1;-1;-1;-1;-1;-1;-1;-1;-1;-1;-1;-1;-1
Que surfistas profissionais nasceram nas Filipinas?;-1;remove column;remove column;remove column;remove column;remove column;remove column;remove column;remove column;remove column;remove column;-1;-1;-1;-1;-1;-1;-1;-1;-1;-1;-1;-1;-1;-1;-1;-1;-1;-1;-1;-1;-1;-1;-1;-1;-1;-1;-1;-1;-1;-1;-1;-1;-1;-1;-1;-1;-1;-1;-1;-1;-1;-1;-1;-1
Quais são os cinco condados de New York?;-1;remove column;remove column;remove column;remove column;remove column;remove column;remove column;remove column;remove column;remove column;-1;-1;-1;-1;-1;-1;-1;-1;-1;-1;-1;-1;-1;-1;-1;-1;-1;-1;-1;-1;-1;-1;-1;-1;-1;-1;-1;-1;-1;-1;-1;-1;-1;-1;-1;-1;-1;-1;-1;-1;-1;-1;-1;-1
Cola é uma bebida?;-1;remove column;remove column;remove column;remove column;remove column;remove column;remove column;remove column;remove column;remove column;-1;-1;-1;-1;-1;-1;-1;-1;-1;-1;-1;-1;-1;-1;-1;-1;-1;-1;-1;-1;-1;-1;-1;-1;-1;-1;-1;-1;-1;-1;-1;-1;-1;-1;-1;-1;-1;-1;-1;-1;-1;-1;-1;-1
Quando a princesa Diana morreu?;-1;remove column;remove column;remove column;remove column;remove column;remove column;remove column;remove column;remove column;remove column;-1;-1;-1;-1;-1;-1;-1;-1;-1;-1;-1;-1;-1;-1;-1;-1;-1;-1;-1;-1;-1;-1;-1;-1;-1;-1;-1;-1;-1;-1;-1;-1;-1;-1;-1;-1;-1;-1;-1;-1;-1;-1;-1;-1
Onde é produzido o vinho espumante na França?;-1;remove column;remove column;remove column;remove column;remove column;remove column;remove column;remove column;remove column;remove column;-1;-1;-1;-1;-1;-1;-1;-1;-1;-1;-1;-1;-1;-1;-1;-1;-1;-1;-1;-1;-1;-1;-1;-1;-1;-1;-1;-1;-1;-1;-1;-1;-1;-1;-1;-1;-1;-1;-1;-1;-1;-1;-1;-1
